--
-- PostgreSQL database dump
--

-- Dumped from database version 14.5 (Ubuntu 14.5-2.pgdg20.04+2)
-- Dumped by pg_dump version 14.4

SET statement_timeout = 0;
SET lock_timeout = 0;
SET idle_in_transaction_session_timeout = 0;
SET client_encoding = 'UTF8';
SET standard_conforming_strings = on;
SELECT pg_catalog.set_config('search_path', '', false);
SET check_function_bodies = false;
SET xmloption = content;
SET client_min_messages = warning;
SET row_security = off;

--
-- Name: heroku_ext; Type: SCHEMA; Schema: -; Owner: -
--

CREATE SCHEMA heroku_ext;


--
-- Name: pg_stat_statements; Type: EXTENSION; Schema: -; Owner: -
--

CREATE EXTENSION IF NOT EXISTS pg_stat_statements WITH SCHEMA heroku_ext;


--
-- Name: EXTENSION pg_stat_statements; Type: COMMENT; Schema: -; Owner: -
--

COMMENT ON EXTENSION pg_stat_statements IS 'track planning and execution statistics of all SQL statements executed';


SET default_tablespace = '';

SET default_table_access_method = heap;

--
-- Name: AutomationApp_acceptorder; Type: TABLE; Schema: public; Owner: -
--

CREATE TABLE public."AutomationApp_acceptorder" (
    id bigint NOT NULL,
    "Admin" integer,
    "Customername" character varying(250),
    "Province" character varying(50),
    "MunicipalityCity" character varying(50),
    "Barangay" character varying(50),
    "StreetPurok" character varying(50),
    "Housenumber" character varying(50),
    "LandmarksnNotes" character varying(1000),
    "DeliveryFee" integer,
    "Rider" character varying(50),
    contactnumber bigint,
    "Bill" integer,
    "Change" integer,
    "ETA" character varying(50),
    productname character varying(250),
    "Category" character varying(50),
    "Subcategory" character varying(50),
    "Size" character varying(50),
    "Addons" character varying(50),
    "QtyAddons" integer,
    "PSize" character varying(50),
    "Price" integer,
    "Subtotal" integer,
    "GSubtotal" integer,
    "Cost" numeric(7,2),
    "Qty" integer,
    "MOP" character varying(50),
    ordertype character varying(50),
    "Timetodeliver" character varying(50),
    "ScheduleTime" character varying(50),
    gpslat numeric(50,20),
    gpslng numeric(50,20),
    gpsaccuracy numeric(50,20),
    pinnedlat numeric(50,20),
    pinnedlng numeric(50,20),
    tokens character varying(300),
    "DateTime" timestamp with time zone NOT NULL,
    codecoupon character varying(250)
);


--
-- Name: AutomationApp_acceptorder_id_seq; Type: SEQUENCE; Schema: public; Owner: -
--

ALTER TABLE public."AutomationApp_acceptorder" ALTER COLUMN id ADD GENERATED BY DEFAULT AS IDENTITY (
    SEQUENCE NAME public."AutomationApp_acceptorder_id_seq"
    START WITH 1
    INCREMENT BY 1
    NO MINVALUE
    NO MAXVALUE
    CACHE 1
);


--
-- Name: AutomationApp_acknowledgedstockorder; Type: TABLE; Schema: public; Owner: -
--

CREATE TABLE public."AutomationApp_acknowledgedstockorder" (
    id bigint NOT NULL,
    "user" integer,
    productname character varying(50),
    "Category" character varying(50),
    "Price" integer,
    "Subtotal" integer,
    "Cost" numeric(7,2),
    "Qty" integer,
    "CusName" character varying(50),
    "DeliveryAddress" character varying(100),
    "ShippingFee" integer,
    contactnumber bigint,
    "DateTime" timestamp with time zone NOT NULL
);


--
-- Name: AutomationApp_acknowledgedstockorder_id_seq; Type: SEQUENCE; Schema: public; Owner: -
--

ALTER TABLE public."AutomationApp_acknowledgedstockorder" ALTER COLUMN id ADD GENERATED BY DEFAULT AS IDENTITY (
    SEQUENCE NAME public."AutomationApp_acknowledgedstockorder_id_seq"
    START WITH 1
    INCREMENT BY 1
    NO MINVALUE
    NO MAXVALUE
    CACHE 1
);


--
-- Name: AutomationApp_categories; Type: TABLE; Schema: public; Owner: -
--

CREATE TABLE public."AutomationApp_categories" (
    id bigint NOT NULL,
    "Categorychoices" character varying(50) NOT NULL
);


--
-- Name: AutomationApp_categories_id_seq; Type: SEQUENCE; Schema: public; Owner: -
--

ALTER TABLE public."AutomationApp_categories" ALTER COLUMN id ADD GENERATED BY DEFAULT AS IDENTITY (
    SEQUENCE NAME public."AutomationApp_categories_id_seq"
    START WITH 1
    INCREMENT BY 1
    NO MINVALUE
    NO MAXVALUE
    CACHE 1
);


--
-- Name: AutomationApp_categoriescoupon; Type: TABLE; Schema: public; Owner: -
--

CREATE TABLE public."AutomationApp_categoriescoupon" (
    id bigint NOT NULL,
    "CategoryCouponchoices" character varying(50) NOT NULL
);


--
-- Name: AutomationApp_categoriescoupon_id_seq; Type: SEQUENCE; Schema: public; Owner: -
--

ALTER TABLE public."AutomationApp_categoriescoupon" ALTER COLUMN id ADD GENERATED BY DEFAULT AS IDENTITY (
    SEQUENCE NAME public."AutomationApp_categoriescoupon_id_seq"
    START WITH 1
    INCREMENT BY 1
    NO MINVALUE
    NO MAXVALUE
    CACHE 1
);


--
-- Name: AutomationApp_couponlist; Type: TABLE; Schema: public; Owner: -
--

CREATE TABLE public."AutomationApp_couponlist" (
    id bigint NOT NULL,
    couponname character varying(250) NOT NULL,
    code character varying(250) NOT NULL,
    url character varying(1000) NOT NULL,
    pieces integer,
    discountamount integer,
    "is_withMinimumAmount" boolean,
    is_consumable boolean,
    is_active boolean,
    "MinimumAmount" integer,
    category_id bigint,
    user_id integer NOT NULL,
    redeemlimit integer
);


--
-- Name: AutomationApp_couponlist_id_seq; Type: SEQUENCE; Schema: public; Owner: -
--

ALTER TABLE public."AutomationApp_couponlist" ALTER COLUMN id ADD GENERATED BY DEFAULT AS IDENTITY (
    SEQUENCE NAME public."AutomationApp_couponlist_id_seq"
    START WITH 1
    INCREMENT BY 1
    NO MINVALUE
    NO MAXVALUE
    CACHE 1
);


--
-- Name: AutomationApp_customer; Type: TABLE; Schema: public; Owner: -
--

CREATE TABLE public."AutomationApp_customer" (
    id bigint NOT NULL,
    "Admin" integer,
    "Customername" character varying(250),
    "Province" character varying(50),
    "MunicipalityCity" character varying(50),
    "Barangay" character varying(250),
    "StreetPurok" character varying(50),
    "Housenumber" character varying(50),
    "LandmarksnNotes" character varying(1000),
    "DeliveryFee" integer,
    contactnumber bigint,
    "Bill" integer,
    "Change" integer,
    productname character varying(250),
    "Category" character varying(50),
    "Subcategory" character varying(50),
    "Size" character varying(50),
    "Addons" character varying(50),
    "QtyAddons" integer,
    "PSize" character varying(50),
    "Price" integer,
    "Subtotal" integer,
    "GSubtotal" integer,
    "Cost" numeric(7,2),
    "Qty" integer,
    "MOP" character varying(50),
    ordertype character varying(50),
    "Timetodeliver" character varying(50),
    "ScheduleTime" character varying(50),
    gpslat numeric(50,20),
    gpslng numeric(50,20),
    gpsaccuracy numeric(50,20),
    pinnedlat numeric(50,20),
    pinnedlng numeric(50,20),
    tokens character varying(300),
    "DateTime" timestamp with time zone NOT NULL,
    codecoupon character varying(250)
);


--
-- Name: AutomationApp_customer_id_seq; Type: SEQUENCE; Schema: public; Owner: -
--

ALTER TABLE public."AutomationApp_customer" ALTER COLUMN id ADD GENERATED BY DEFAULT AS IDENTITY (
    SEQUENCE NAME public."AutomationApp_customer_id_seq"
    START WITH 1
    INCREMENT BY 1
    NO MINVALUE
    NO MAXVALUE
    CACHE 1
);


--
-- Name: AutomationApp_dailysales; Type: TABLE; Schema: public; Owner: -
--

CREATE TABLE public."AutomationApp_dailysales" (
    id bigint NOT NULL,
    "user" integer,
    "DateTime" timestamp with time zone NOT NULL,
    "Sales" integer,
    "Expenses" numeric(7,2),
    "Startstocks" numeric(7,2),
    "Endstocks" numeric(7,2),
    "Valuestocks" numeric(7,2),
    "Net" numeric(7,2)
);


--
-- Name: AutomationApp_dailysales_id_seq; Type: SEQUENCE; Schema: public; Owner: -
--

ALTER TABLE public."AutomationApp_dailysales" ALTER COLUMN id ADD GENERATED BY DEFAULT AS IDENTITY (
    SEQUENCE NAME public."AutomationApp_dailysales_id_seq"
    START WITH 1
    INCREMENT BY 1
    NO MINVALUE
    NO MAXVALUE
    CACHE 1
);


--
-- Name: AutomationApp_psizes; Type: TABLE; Schema: public; Owner: -
--

CREATE TABLE public."AutomationApp_psizes" (
    id bigint NOT NULL,
    "PSizechoices" character varying(50) NOT NULL
);


--
-- Name: AutomationApp_psizes_id_seq; Type: SEQUENCE; Schema: public; Owner: -
--

ALTER TABLE public."AutomationApp_psizes" ALTER COLUMN id ADD GENERATED BY DEFAULT AS IDENTITY (
    SEQUENCE NAME public."AutomationApp_psizes_id_seq"
    START WITH 1
    INCREMENT BY 1
    NO MINVALUE
    NO MAXVALUE
    CACHE 1
);


--
-- Name: AutomationApp_punchedprod; Type: TABLE; Schema: public; Owner: -
--

CREATE TABLE public."AutomationApp_punchedprod" (
    id bigint NOT NULL,
    "user" integer,
    productname character varying(50),
    "Category" character varying(50),
    "Subcategory" character varying(50),
    "Size" character varying(50),
    "PSize" character varying(50),
    "Price" integer,
    "Subtotal" integer,
    "Cost" numeric(7,2),
    "Qty" integer,
    "DateTime" timestamp with time zone NOT NULL
);


--
-- Name: AutomationApp_punchedprod_id_seq; Type: SEQUENCE; Schema: public; Owner: -
--

ALTER TABLE public."AutomationApp_punchedprod" ALTER COLUMN id ADD GENERATED BY DEFAULT AS IDENTITY (
    SEQUENCE NAME public."AutomationApp_punchedprod_id_seq"
    START WITH 1
    INCREMENT BY 1
    NO MINVALUE
    NO MAXVALUE
    CACHE 1
);


--
-- Name: AutomationApp_punchedprodso; Type: TABLE; Schema: public; Owner: -
--

CREATE TABLE public."AutomationApp_punchedprodso" (
    id bigint NOT NULL,
    "user" integer,
    productname character varying(50),
    "Category" character varying(50),
    "Subcategory" character varying(50),
    "Size" character varying(50),
    "PSize" character varying(50),
    "Price" integer,
    "Subtotal" integer,
    "Cost" numeric(7,2),
    "Qty" integer,
    "DateTime" timestamp with time zone NOT NULL
);


--
-- Name: AutomationApp_punchedprodso_id_seq; Type: SEQUENCE; Schema: public; Owner: -
--

ALTER TABLE public."AutomationApp_punchedprodso" ALTER COLUMN id ADD GENERATED BY DEFAULT AS IDENTITY (
    SEQUENCE NAME public."AutomationApp_punchedprodso_id_seq"
    START WITH 1
    INCREMENT BY 1
    NO MINVALUE
    NO MAXVALUE
    CACHE 1
);


--
-- Name: AutomationApp_queue1; Type: TABLE; Schema: public; Owner: -
--

CREATE TABLE public."AutomationApp_queue1" (
    id bigint NOT NULL,
    "user" integer,
    productname character varying(50),
    "Category" character varying(50),
    "Subcategory" character varying(50),
    "Size" character varying(50),
    "PSize" character varying(50),
    "Price" integer,
    "Subtotal" integer,
    "Cost" numeric(7,2),
    "Qty" integer,
    "Bill" integer,
    "Change" integer,
    "CusName" character varying(50),
    "DateTime" timestamp with time zone NOT NULL
);


--
-- Name: AutomationApp_queue1_id_seq; Type: SEQUENCE; Schema: public; Owner: -
--

ALTER TABLE public."AutomationApp_queue1" ALTER COLUMN id ADD GENERATED BY DEFAULT AS IDENTITY (
    SEQUENCE NAME public."AutomationApp_queue1_id_seq"
    START WITH 1
    INCREMENT BY 1
    NO MINVALUE
    NO MAXVALUE
    CACHE 1
);


--
-- Name: AutomationApp_queue2; Type: TABLE; Schema: public; Owner: -
--

CREATE TABLE public."AutomationApp_queue2" (
    id bigint NOT NULL,
    "user" integer,
    productname character varying(50),
    "Category" character varying(50),
    "Subcategory" character varying(50),
    "Size" character varying(50),
    "PSize" character varying(50),
    "Price" integer,
    "Subtotal" integer,
    "Cost" numeric(7,2),
    "Qty" integer,
    "Bill" integer,
    "Change" integer,
    "CusName" character varying(50),
    "DateTime" timestamp with time zone NOT NULL
);


--
-- Name: AutomationApp_queue2_id_seq; Type: SEQUENCE; Schema: public; Owner: -
--

ALTER TABLE public."AutomationApp_queue2" ALTER COLUMN id ADD GENERATED BY DEFAULT AS IDENTITY (
    SEQUENCE NAME public."AutomationApp_queue2_id_seq"
    START WITH 1
    INCREMENT BY 1
    NO MINVALUE
    NO MAXVALUE
    CACHE 1
);


--
-- Name: AutomationApp_queue3; Type: TABLE; Schema: public; Owner: -
--

CREATE TABLE public."AutomationApp_queue3" (
    id bigint NOT NULL,
    "user" integer,
    productname character varying(50),
    "Category" character varying(50),
    "Subcategory" character varying(50),
    "Size" character varying(50),
    "PSize" character varying(50),
    "Price" integer,
    "Subtotal" integer,
    "Cost" numeric(7,2),
    "Qty" integer,
    "Bill" integer,
    "Change" integer,
    "CusName" character varying(50),
    "DateTime" timestamp with time zone NOT NULL
);


--
-- Name: AutomationApp_queue3_id_seq; Type: SEQUENCE; Schema: public; Owner: -
--

ALTER TABLE public."AutomationApp_queue3" ALTER COLUMN id ADD GENERATED BY DEFAULT AS IDENTITY (
    SEQUENCE NAME public."AutomationApp_queue3_id_seq"
    START WITH 1
    INCREMENT BY 1
    NO MINVALUE
    NO MAXVALUE
    CACHE 1
);


--
-- Name: AutomationApp_rejectorder; Type: TABLE; Schema: public; Owner: -
--

CREATE TABLE public."AutomationApp_rejectorder" (
    id bigint NOT NULL,
    "Admin" integer,
    "Customername" character varying(50),
    "Province" character varying(50),
    "MunicipalityCity" character varying(50),
    "Barangay" character varying(50),
    "StreetPurok" character varying(50),
    "Housenumber" character varying(50),
    "LandmarksnNotes" character varying(50),
    "DeliveryFee" integer,
    contactnumber bigint,
    "Bill" integer,
    "Change" integer,
    productname character varying(50),
    "Category" character varying(50),
    "Subcategory" character varying(50),
    "Size" character varying(50),
    "Addons" character varying(50),
    "QtyAddons" integer,
    "PSize" character varying(50),
    "Price" integer,
    "Subtotal" integer,
    "GSubtotal" integer,
    "Cost" numeric(7,2),
    "Qty" integer,
    "MOP" character varying(50),
    ordertype character varying(50),
    "Timetodeliver" character varying(50),
    "ScheduleTime" character varying(50),
    gpslat numeric(50,20),
    gpslng numeric(50,20),
    gpsaccuracy numeric(50,20),
    pinnedlat numeric(50,20),
    pinnedlng numeric(50,20),
    tokens character varying(300),
    "DateTime" timestamp with time zone NOT NULL,
    codecoupon character varying(250)
);


--
-- Name: AutomationApp_rejectorder_id_seq; Type: SEQUENCE; Schema: public; Owner: -
--

ALTER TABLE public."AutomationApp_rejectorder" ALTER COLUMN id ADD GENERATED BY DEFAULT AS IDENTITY (
    SEQUENCE NAME public."AutomationApp_rejectorder_id_seq"
    START WITH 1
    INCREMENT BY 1
    NO MINVALUE
    NO MAXVALUE
    CACHE 1
);


--
-- Name: AutomationApp_saecat; Type: TABLE; Schema: public; Owner: -
--

CREATE TABLE public."AutomationApp_saecat" (
    id bigint NOT NULL,
    saecatchoices character varying(50) NOT NULL
);


--
-- Name: AutomationApp_saecat_id_seq; Type: SEQUENCE; Schema: public; Owner: -
--

ALTER TABLE public."AutomationApp_saecat" ALTER COLUMN id ADD GENERATED BY DEFAULT AS IDENTITY (
    SEQUENCE NAME public."AutomationApp_saecat_id_seq"
    START WITH 1
    INCREMENT BY 1
    NO MINVALUE
    NO MAXVALUE
    CACHE 1
);


--
-- Name: AutomationApp_saesubcate; Type: TABLE; Schema: public; Owner: -
--

CREATE TABLE public."AutomationApp_saesubcate" (
    id bigint NOT NULL,
    saesubcatchoices character varying(50) NOT NULL
);


--
-- Name: AutomationApp_saesubcate_id_seq; Type: SEQUENCE; Schema: public; Owner: -
--

ALTER TABLE public."AutomationApp_saesubcate" ALTER COLUMN id ADD GENERATED BY DEFAULT AS IDENTITY (
    SEQUENCE NAME public."AutomationApp_saesubcate_id_seq"
    START WITH 1
    INCREMENT BY 1
    NO MINVALUE
    NO MAXVALUE
    CACHE 1
);


--
-- Name: AutomationApp_saesubcats; Type: TABLE; Schema: public; Owner: -
--

CREATE TABLE public."AutomationApp_saesubcats" (
    id bigint NOT NULL,
    saesubcatchoices character varying(50) NOT NULL
);


--
-- Name: AutomationApp_saesubcats_id_seq; Type: SEQUENCE; Schema: public; Owner: -
--

ALTER TABLE public."AutomationApp_saesubcats" ALTER COLUMN id ADD GENERATED BY DEFAULT AS IDENTITY (
    SEQUENCE NAME public."AutomationApp_saesubcats_id_seq"
    START WITH 1
    INCREMENT BY 1
    NO MINVALUE
    NO MAXVALUE
    CACHE 1
);


--
-- Name: AutomationApp_sales; Type: TABLE; Schema: public; Owner: -
--

CREATE TABLE public."AutomationApp_sales" (
    id bigint NOT NULL,
    "user" integer,
    productname character varying(50),
    "Category" character varying(50),
    "Subcategory" character varying(50),
    "Size" character varying(50),
    "PSize" character varying(50),
    "Price" integer,
    "Subtotal" integer,
    "GSubtotal" integer,
    "Cost" numeric(7,2),
    "Qty" integer,
    "Addons" character varying(50),
    "QtyAddons" integer,
    "Bill" integer,
    "Change" integer,
    "MOP" character varying(50),
    ordertype character varying(50),
    gpslat numeric(50,20),
    gpslng numeric(50,20),
    gpsaccuracy numeric(50,20),
    pinnedlat numeric(50,20),
    pinnedlng numeric(50,20),
    "Province" character varying(50),
    "MunicipalityCity" character varying(50),
    "Barangay" character varying(50),
    "StreetPurok" character varying(50),
    "Housenumber" character varying(50),
    "LandmarksnNotes" character varying(50),
    "ScheduleTime" character varying(50),
    "Timetodeliver" character varying(50),
    "DeliveryFee" integer,
    contactnumber bigint,
    "CusName" character varying(50),
    "Amount" numeric(7,2),
    "Description" character varying(50),
    "Receipt" character varying(100),
    tokens character varying(300),
    "DateTime" timestamp with time zone NOT NULL,
    "Categoryaes_id" bigint,
    "Subcategorye_id" bigint,
    "Subcategorys_id" bigint,
    "RequiredMinimumAmount" integer,
    codecoupon character varying(250),
    discount character varying(250)
);


--
-- Name: AutomationApp_sales_id_seq; Type: SEQUENCE; Schema: public; Owner: -
--

ALTER TABLE public."AutomationApp_sales" ALTER COLUMN id ADD GENERATED BY DEFAULT AS IDENTITY (
    SEQUENCE NAME public."AutomationApp_sales_id_seq"
    START WITH 1
    INCREMENT BY 1
    NO MINVALUE
    NO MAXVALUE
    CACHE 1
);


--
-- Name: AutomationApp_sizes; Type: TABLE; Schema: public; Owner: -
--

CREATE TABLE public."AutomationApp_sizes" (
    id bigint NOT NULL,
    "Sizechoices" character varying(50) NOT NULL
);


--
-- Name: AutomationApp_sizes_id_seq; Type: SEQUENCE; Schema: public; Owner: -
--

ALTER TABLE public."AutomationApp_sizes" ALTER COLUMN id ADD GENERATED BY DEFAULT AS IDENTITY (
    SEQUENCE NAME public."AutomationApp_sizes_id_seq"
    START WITH 1
    INCREMENT BY 1
    NO MINVALUE
    NO MAXVALUE
    CACHE 1
);


--
-- Name: AutomationApp_subcategories; Type: TABLE; Schema: public; Owner: -
--

CREATE TABLE public."AutomationApp_subcategories" (
    id bigint NOT NULL,
    "Subcategorychoices" character varying(50) NOT NULL
);


--
-- Name: AutomationApp_subcategories_id_seq; Type: SEQUENCE; Schema: public; Owner: -
--

ALTER TABLE public."AutomationApp_subcategories" ALTER COLUMN id ADD GENERATED BY DEFAULT AS IDENTITY (
    SEQUENCE NAME public."AutomationApp_subcategories_id_seq"
    START WITH 1
    INCREMENT BY 1
    NO MINVALUE
    NO MAXVALUE
    CACHE 1
);


--
-- Name: AutomationApp_submitstockorder; Type: TABLE; Schema: public; Owner: -
--

CREATE TABLE public."AutomationApp_submitstockorder" (
    id bigint NOT NULL,
    "user" integer,
    productname character varying(50),
    "Category" character varying(50),
    "Price" integer,
    "Subtotal" integer,
    "Cost" numeric(7,2),
    "Qty" integer,
    "CusName" character varying(50),
    "DeliveryAddress" character varying(100),
    "ShippingFee" integer,
    contactnumber bigint,
    "DateTime" timestamp with time zone NOT NULL
);


--
-- Name: AutomationApp_submitstockorder_id_seq; Type: SEQUENCE; Schema: public; Owner: -
--

ALTER TABLE public."AutomationApp_submitstockorder" ALTER COLUMN id ADD GENERATED BY DEFAULT AS IDENTITY (
    SEQUENCE NAME public."AutomationApp_submitstockorder_id_seq"
    START WITH 1
    INCREMENT BY 1
    NO MINVALUE
    NO MAXVALUE
    CACHE 1
);


--
-- Name: AutomationApp_timesheet; Type: TABLE; Schema: public; Owner: -
--

CREATE TABLE public."AutomationApp_timesheet" (
    id bigint NOT NULL,
    "Admin" integer,
    "Employeename" character varying(50),
    "Day" character varying(50),
    "Timein" character varying(50),
    "Timeout" character varying(50),
    "Totalmins" integer,
    "Productimg" character varying(100),
    "Sales" integer,
    "Identifybonus" character varying(50),
    "ASLbalance" integer,
    "ISalary" integer,
    "FSalary" integer,
    "DateTime" timestamp with time zone NOT NULL
);


--
-- Name: AutomationApp_timesheet_id_seq; Type: SEQUENCE; Schema: public; Owner: -
--

ALTER TABLE public."AutomationApp_timesheet" ALTER COLUMN id ADD GENERATED BY DEFAULT AS IDENTITY (
    SEQUENCE NAME public."AutomationApp_timesheet_id_seq"
    START WITH 1
    INCREMENT BY 1
    NO MINVALUE
    NO MAXVALUE
    CACHE 1
);


--
-- Name: AutomationApp_user1; Type: TABLE; Schema: public; Owner: -
--

CREATE TABLE public."AutomationApp_user1" (
    id bigint NOT NULL,
    productname character varying(100) NOT NULL,
    "Price" integer NOT NULL,
    "Cost" numeric(7,2) NOT NULL,
    "Qty" integer NOT NULL,
    "Promo" character varying(50) NOT NULL,
    "Category_id" bigint,
    "PSize_id" bigint,
    "Size_id" bigint,
    "Subcategory_id" bigint,
    user_id integer NOT NULL,
    "PDescription" character varying(2000) NOT NULL
);


--
-- Name: AutomationApp_user1_id_seq; Type: SEQUENCE; Schema: public; Owner: -
--

ALTER TABLE public."AutomationApp_user1" ALTER COLUMN id ADD GENERATED BY DEFAULT AS IDENTITY (
    SEQUENCE NAME public."AutomationApp_user1_id_seq"
    START WITH 1
    INCREMENT BY 1
    NO MINVALUE
    NO MAXVALUE
    CACHE 1
);


--
-- Name: account_emailaddress; Type: TABLE; Schema: public; Owner: -
--

CREATE TABLE public.account_emailaddress (
    id integer NOT NULL,
    email character varying(254) NOT NULL,
    verified boolean NOT NULL,
    "primary" boolean NOT NULL,
    user_id integer NOT NULL
);


--
-- Name: account_emailaddress_id_seq; Type: SEQUENCE; Schema: public; Owner: -
--

ALTER TABLE public.account_emailaddress ALTER COLUMN id ADD GENERATED BY DEFAULT AS IDENTITY (
    SEQUENCE NAME public.account_emailaddress_id_seq
    START WITH 1
    INCREMENT BY 1
    NO MINVALUE
    NO MAXVALUE
    CACHE 1
);


--
-- Name: account_emailconfirmation; Type: TABLE; Schema: public; Owner: -
--

CREATE TABLE public.account_emailconfirmation (
    id integer NOT NULL,
    created timestamp with time zone NOT NULL,
    sent timestamp with time zone,
    key character varying(64) NOT NULL,
    email_address_id integer NOT NULL
);


--
-- Name: account_emailconfirmation_id_seq; Type: SEQUENCE; Schema: public; Owner: -
--

ALTER TABLE public.account_emailconfirmation ALTER COLUMN id ADD GENERATED BY DEFAULT AS IDENTITY (
    SEQUENCE NAME public.account_emailconfirmation_id_seq
    START WITH 1
    INCREMENT BY 1
    NO MINVALUE
    NO MAXVALUE
    CACHE 1
);


--
-- Name: auth_group; Type: TABLE; Schema: public; Owner: -
--

CREATE TABLE public.auth_group (
    id integer NOT NULL,
    name character varying(150) NOT NULL
);


--
-- Name: auth_group_id_seq; Type: SEQUENCE; Schema: public; Owner: -
--

ALTER TABLE public.auth_group ALTER COLUMN id ADD GENERATED BY DEFAULT AS IDENTITY (
    SEQUENCE NAME public.auth_group_id_seq
    START WITH 1
    INCREMENT BY 1
    NO MINVALUE
    NO MAXVALUE
    CACHE 1
);


--
-- Name: auth_group_permissions; Type: TABLE; Schema: public; Owner: -
--

CREATE TABLE public.auth_group_permissions (
    id bigint NOT NULL,
    group_id integer NOT NULL,
    permission_id integer NOT NULL
);


--
-- Name: auth_group_permissions_id_seq; Type: SEQUENCE; Schema: public; Owner: -
--

ALTER TABLE public.auth_group_permissions ALTER COLUMN id ADD GENERATED BY DEFAULT AS IDENTITY (
    SEQUENCE NAME public.auth_group_permissions_id_seq
    START WITH 1
    INCREMENT BY 1
    NO MINVALUE
    NO MAXVALUE
    CACHE 1
);


--
-- Name: auth_permission; Type: TABLE; Schema: public; Owner: -
--

CREATE TABLE public.auth_permission (
    id integer NOT NULL,
    name character varying(255) NOT NULL,
    content_type_id integer NOT NULL,
    codename character varying(100) NOT NULL
);


--
-- Name: auth_permission_id_seq; Type: SEQUENCE; Schema: public; Owner: -
--

ALTER TABLE public.auth_permission ALTER COLUMN id ADD GENERATED BY DEFAULT AS IDENTITY (
    SEQUENCE NAME public.auth_permission_id_seq
    START WITH 1
    INCREMENT BY 1
    NO MINVALUE
    NO MAXVALUE
    CACHE 1
);


--
-- Name: auth_user; Type: TABLE; Schema: public; Owner: -
--

CREATE TABLE public.auth_user (
    id integer NOT NULL,
    password character varying(128) NOT NULL,
    last_login timestamp with time zone,
    is_superuser boolean NOT NULL,
    username character varying(150) NOT NULL,
    first_name character varying(150) NOT NULL,
    last_name character varying(150) NOT NULL,
    email character varying(254) NOT NULL,
    is_staff boolean NOT NULL,
    is_active boolean NOT NULL,
    date_joined timestamp with time zone NOT NULL
);


--
-- Name: auth_user_groups; Type: TABLE; Schema: public; Owner: -
--

CREATE TABLE public.auth_user_groups (
    id bigint NOT NULL,
    user_id integer NOT NULL,
    group_id integer NOT NULL
);


--
-- Name: auth_user_groups_id_seq; Type: SEQUENCE; Schema: public; Owner: -
--

ALTER TABLE public.auth_user_groups ALTER COLUMN id ADD GENERATED BY DEFAULT AS IDENTITY (
    SEQUENCE NAME public.auth_user_groups_id_seq
    START WITH 1
    INCREMENT BY 1
    NO MINVALUE
    NO MAXVALUE
    CACHE 1
);


--
-- Name: auth_user_id_seq; Type: SEQUENCE; Schema: public; Owner: -
--

ALTER TABLE public.auth_user ALTER COLUMN id ADD GENERATED BY DEFAULT AS IDENTITY (
    SEQUENCE NAME public.auth_user_id_seq
    START WITH 1
    INCREMENT BY 1
    NO MINVALUE
    NO MAXVALUE
    CACHE 1
);


--
-- Name: auth_user_user_permissions; Type: TABLE; Schema: public; Owner: -
--

CREATE TABLE public.auth_user_user_permissions (
    id bigint NOT NULL,
    user_id integer NOT NULL,
    permission_id integer NOT NULL
);


--
-- Name: auth_user_user_permissions_id_seq; Type: SEQUENCE; Schema: public; Owner: -
--

ALTER TABLE public.auth_user_user_permissions ALTER COLUMN id ADD GENERATED BY DEFAULT AS IDENTITY (
    SEQUENCE NAME public.auth_user_user_permissions_id_seq
    START WITH 1
    INCREMENT BY 1
    NO MINVALUE
    NO MAXVALUE
    CACHE 1
);


--
-- Name: django_admin_log; Type: TABLE; Schema: public; Owner: -
--

CREATE TABLE public.django_admin_log (
    id integer NOT NULL,
    action_time timestamp with time zone NOT NULL,
    object_id text,
    object_repr character varying(200) NOT NULL,
    action_flag smallint NOT NULL,
    change_message text NOT NULL,
    content_type_id integer,
    user_id integer NOT NULL,
    CONSTRAINT django_admin_log_action_flag_check CHECK ((action_flag >= 0))
);


--
-- Name: django_admin_log_id_seq; Type: SEQUENCE; Schema: public; Owner: -
--

ALTER TABLE public.django_admin_log ALTER COLUMN id ADD GENERATED BY DEFAULT AS IDENTITY (
    SEQUENCE NAME public.django_admin_log_id_seq
    START WITH 1
    INCREMENT BY 1
    NO MINVALUE
    NO MAXVALUE
    CACHE 1
);


--
-- Name: django_content_type; Type: TABLE; Schema: public; Owner: -
--

CREATE TABLE public.django_content_type (
    id integer NOT NULL,
    app_label character varying(100) NOT NULL,
    model character varying(100) NOT NULL
);


--
-- Name: django_content_type_id_seq; Type: SEQUENCE; Schema: public; Owner: -
--

ALTER TABLE public.django_content_type ALTER COLUMN id ADD GENERATED BY DEFAULT AS IDENTITY (
    SEQUENCE NAME public.django_content_type_id_seq
    START WITH 1
    INCREMENT BY 1
    NO MINVALUE
    NO MAXVALUE
    CACHE 1
);


--
-- Name: django_migrations; Type: TABLE; Schema: public; Owner: -
--

CREATE TABLE public.django_migrations (
    id bigint NOT NULL,
    app character varying(255) NOT NULL,
    name character varying(255) NOT NULL,
    applied timestamp with time zone NOT NULL
);


--
-- Name: django_migrations_id_seq; Type: SEQUENCE; Schema: public; Owner: -
--

ALTER TABLE public.django_migrations ALTER COLUMN id ADD GENERATED BY DEFAULT AS IDENTITY (
    SEQUENCE NAME public.django_migrations_id_seq
    START WITH 1
    INCREMENT BY 1
    NO MINVALUE
    NO MAXVALUE
    CACHE 1
);


--
-- Name: django_session; Type: TABLE; Schema: public; Owner: -
--

CREATE TABLE public.django_session (
    session_key character varying(40) NOT NULL,
    session_data text NOT NULL,
    expire_date timestamp with time zone NOT NULL
);


--
-- Name: django_site; Type: TABLE; Schema: public; Owner: -
--

CREATE TABLE public.django_site (
    id integer NOT NULL,
    domain character varying(100) NOT NULL,
    name character varying(50) NOT NULL
);


--
-- Name: django_site_id_seq; Type: SEQUENCE; Schema: public; Owner: -
--

ALTER TABLE public.django_site ALTER COLUMN id ADD GENERATED BY DEFAULT AS IDENTITY (
    SEQUENCE NAME public.django_site_id_seq
    START WITH 1
    INCREMENT BY 1
    NO MINVALUE
    NO MAXVALUE
    CACHE 1
);


--
-- Name: socialaccount_socialaccount; Type: TABLE; Schema: public; Owner: -
--

CREATE TABLE public.socialaccount_socialaccount (
    id integer NOT NULL,
    provider character varying(30) NOT NULL,
    uid character varying(191) NOT NULL,
    last_login timestamp with time zone NOT NULL,
    date_joined timestamp with time zone NOT NULL,
    extra_data text NOT NULL,
    user_id integer NOT NULL
);


--
-- Name: socialaccount_socialaccount_id_seq; Type: SEQUENCE; Schema: public; Owner: -
--

ALTER TABLE public.socialaccount_socialaccount ALTER COLUMN id ADD GENERATED BY DEFAULT AS IDENTITY (
    SEQUENCE NAME public.socialaccount_socialaccount_id_seq
    START WITH 1
    INCREMENT BY 1
    NO MINVALUE
    NO MAXVALUE
    CACHE 1
);


--
-- Name: socialaccount_socialapp; Type: TABLE; Schema: public; Owner: -
--

CREATE TABLE public.socialaccount_socialapp (
    id integer NOT NULL,
    provider character varying(30) NOT NULL,
    name character varying(40) NOT NULL,
    client_id character varying(191) NOT NULL,
    secret character varying(191) NOT NULL,
    key character varying(191) NOT NULL
);


--
-- Name: socialaccount_socialapp_id_seq; Type: SEQUENCE; Schema: public; Owner: -
--

ALTER TABLE public.socialaccount_socialapp ALTER COLUMN id ADD GENERATED BY DEFAULT AS IDENTITY (
    SEQUENCE NAME public.socialaccount_socialapp_id_seq
    START WITH 1
    INCREMENT BY 1
    NO MINVALUE
    NO MAXVALUE
    CACHE 1
);


--
-- Name: socialaccount_socialtoken; Type: TABLE; Schema: public; Owner: -
--

CREATE TABLE public.socialaccount_socialtoken (
    id integer NOT NULL,
    token text NOT NULL,
    token_secret text NOT NULL,
    expires_at timestamp with time zone,
    account_id integer NOT NULL,
    app_id integer NOT NULL
);


--
-- Name: socialaccount_socialtoken_id_seq; Type: SEQUENCE; Schema: public; Owner: -
--

ALTER TABLE public.socialaccount_socialtoken ALTER COLUMN id ADD GENERATED BY DEFAULT AS IDENTITY (
    SEQUENCE NAME public.socialaccount_socialtoken_id_seq
    START WITH 1
    INCREMENT BY 1
    NO MINVALUE
    NO MAXVALUE
    CACHE 1
);


--
-- Data for Name: AutomationApp_acceptorder; Type: TABLE DATA; Schema: public; Owner: -
--

COPY public."AutomationApp_acceptorder" (id, "Admin", "Customername", "Province", "MunicipalityCity", "Barangay", "StreetPurok", "Housenumber", "LandmarksnNotes", "DeliveryFee", "Rider", contactnumber, "Bill", "Change", "ETA", productname, "Category", "Subcategory", "Size", "Addons", "QtyAddons", "PSize", "Price", "Subtotal", "GSubtotal", "Cost", "Qty", "MOP", ordertype, "Timetodeliver", "ScheduleTime", gpslat, gpslng, gpsaccuracy, pinnedlat, pinnedlng, tokens, "DateTime", codecoupon) FROM stdin;
80	4	Kylie Rose	Tarlac	\N	\N	\N	\N	\N	0		9123456789	104	104		Strawberry Cheesecake	Frappe	\N	Reg	Tapioca	1	\N	89	104	0	59.35	1	Pickup	Online	Now	00:00pm	\N	\N	\N	\N	\N	\N	2022-11-28 08:48:04.798427+00	\N
81	4	Kylie Rose	Tarlac	\N	\N	\N	\N	\N	0		9123456789	104	104		Ready	Frappe	\N	\N	\N	0	\N	0	0	0	0.00	0	Pickup	Online	Now	00:00pm	\N	\N	\N	\N	\N	\N	2022-11-28 08:48:04.798427+00	\N
\.


--
-- Data for Name: AutomationApp_acknowledgedstockorder; Type: TABLE DATA; Schema: public; Owner: -
--

COPY public."AutomationApp_acknowledgedstockorder" (id, "user", productname, "Category", "Price", "Subtotal", "Cost", "Qty", "CusName", "DeliveryAddress", "ShippingFee", contactnumber, "DateTime") FROM stdin;
\.


--
-- Data for Name: AutomationApp_categories; Type: TABLE DATA; Schema: public; Owner: -
--

COPY public."AutomationApp_categories" (id, "Categorychoices") FROM stdin;
1	Milktea
2	Frappe
3	Freeze
4	Snacks
5	Add-ons
6	Promo
\.


--
-- Data for Name: AutomationApp_categoriescoupon; Type: TABLE DATA; Schema: public; Owner: -
--

COPY public."AutomationApp_categoriescoupon" (id, "CategoryCouponchoices") FROM stdin;
1	One Code Many
3	Multiple Different Code Single
\.


--
-- Data for Name: AutomationApp_couponlist; Type: TABLE DATA; Schema: public; Owner: -
--

COPY public."AutomationApp_couponlist" (id, couponname, code, url, pieces, discountamount, "is_withMinimumAmount", is_consumable, is_active, "MinimumAmount", category_id, user_id, redeemlimit) FROM stdin;
\.


--
-- Data for Name: AutomationApp_customer; Type: TABLE DATA; Schema: public; Owner: -
--

COPY public."AutomationApp_customer" (id, "Admin", "Customername", "Province", "MunicipalityCity", "Barangay", "StreetPurok", "Housenumber", "LandmarksnNotes", "DeliveryFee", contactnumber, "Bill", "Change", productname, "Category", "Subcategory", "Size", "Addons", "QtyAddons", "PSize", "Price", "Subtotal", "GSubtotal", "Cost", "Qty", "MOP", ordertype, "Timetodeliver", "ScheduleTime", gpslat, gpslng, gpsaccuracy, pinnedlat, pinnedlng, tokens, "DateTime", codecoupon) FROM stdin;
\.


--
-- Data for Name: AutomationApp_dailysales; Type: TABLE DATA; Schema: public; Owner: -
--

COPY public."AutomationApp_dailysales" (id, "user", "DateTime", "Sales", "Expenses", "Startstocks", "Endstocks", "Valuestocks", "Net") FROM stdin;
64	4	2022-11-11 09:49:11.797383+00	1083	0.00	0.00	0.00	6029.30	358.59
69	4	2022-11-12 08:36:54.015188+00	364	0.00	0.00	0.00	0.00	118.55
73	4	2022-11-13 02:44:12.676775+00	0	0.00	0.00	0.00	0.00	0.00
12	1	2022-11-07 22:04:07.596412+00	450	0.00	0.00	0.00	0.00	185.00
15	2	2022-11-09 12:21:45.245789+00	0	0.00	0.00	0.00	0.00	0.00
19	1	2022-11-09 12:24:42.595598+00	677	0.00	0.00	0.00	0.00	185.00
80	2	2022-11-14 08:32:12.125402+00	0	0.00	0.00	0.00	0.00	0.00
25	4	2022-11-09 14:21:49.52839+00	0	0.00	0.00	0.00	0.00	0.00
87	4	2022-11-14 05:10:37.022677+00	1440	0.00	0.00	0.00	50.00	532.90
42	4	2022-11-10 05:14:39.413488+00	1677	0.00	0.00	0.00	0.00	557.18
43	1	2022-11-10 01:27:46.449973+00	125	0.00	0.00	0.00	0.00	55.00
57	2	2022-11-11 12:34:07.55608+00	0	0.00	0.00	0.00	0.00	0.00
58	1	2022-11-11 12:34:24.746398+00	0	0.00	0.00	0.00	0.00	0.00
89	2	2022-11-15 08:12:49.921764+00	0	0.00	0.00	0.00	0.00	0.00
160	4	2022-11-24 07:29:18.21107+00	775	1000.00	0.00	0.00	1925.00	251.29
102	4	2022-11-15 08:41:07.976336+00	757	0.00	0.00	0.00	0.00	283.43
170	4	2022-11-25 09:53:56.551023+00	852	0.00	0.00	0.00	0.00	233.88
175	4	2022-11-26 07:19:44.919324+00	723	0.00	0.00	0.00	0.00	238.55
114	4	2022-11-16 09:45:08.664337+00	775	0.00	0.00	0.00	0.00	260.11
119	4	2022-11-17 06:45:38.284857+00	356	0.00	0.00	0.00	0.00	125.03
122	4	2022-11-18 06:39:21.281032+00	129	0.00	0.00	0.00	0.00	52.07
187	4	2022-11-27 08:06:42.297381+00	944	0.00	0.00	0.00	0.00	312.83
132	4	2022-11-20 05:40:10.436644+00	880	0.00	0.00	0.00	0.00	291.32
136	4	2022-11-21 14:15:29.125833+00	0	0.00	0.00	0.00	0.00	0.00
140	4	2022-11-22 08:06:03.793873+00	578	0.00	0.00	0.00	0.00	194.63
198	4	2022-11-28 09:20:32.172219+00	512	0.00	0.00	0.00	0.00	167.23
146	4	2022-11-23 08:29:39+00	495	0.00	0.00	0.00	0.00	170.12
\.


--
-- Data for Name: AutomationApp_psizes; Type: TABLE DATA; Schema: public; Owner: -
--

COPY public."AutomationApp_psizes" (id, "PSizechoices") FROM stdin;
1	Barkada(10")
2	Pamilya(12")
\.


--
-- Data for Name: AutomationApp_punchedprod; Type: TABLE DATA; Schema: public; Owner: -
--

COPY public."AutomationApp_punchedprod" (id, "user", productname, "Category", "Subcategory", "Size", "PSize", "Price", "Subtotal", "Cost", "Qty", "DateTime") FROM stdin;
\.


--
-- Data for Name: AutomationApp_punchedprodso; Type: TABLE DATA; Schema: public; Owner: -
--

COPY public."AutomationApp_punchedprodso" (id, "user", productname, "Category", "Subcategory", "Size", "PSize", "Price", "Subtotal", "Cost", "Qty", "DateTime") FROM stdin;
\.


--
-- Data for Name: AutomationApp_queue1; Type: TABLE DATA; Schema: public; Owner: -
--

COPY public."AutomationApp_queue1" (id, "user", productname, "Category", "Subcategory", "Size", "PSize", "Price", "Subtotal", "Cost", "Qty", "Bill", "Change", "CusName", "DateTime") FROM stdin;
\.


--
-- Data for Name: AutomationApp_queue2; Type: TABLE DATA; Schema: public; Owner: -
--

COPY public."AutomationApp_queue2" (id, "user", productname, "Category", "Subcategory", "Size", "PSize", "Price", "Subtotal", "Cost", "Qty", "Bill", "Change", "CusName", "DateTime") FROM stdin;
18	4	Fries Barkada	Snacks	Fries			75	75	49.87	1	248	0	Tit9	2022-11-28 10:19:19.347301+00
19	4	Fries Barkada	Snacks	Fries			75	75	49.87	1	248	0	Tit9	2022-11-28 10:19:19.347372+00
20	4	Shawarma	Snacks	Shawarma			49	98	33.05	2	248	0	Tit9	2022-11-28 10:19:19.347396+00
\.


--
-- Data for Name: AutomationApp_queue3; Type: TABLE DATA; Schema: public; Owner: -
--

COPY public."AutomationApp_queue3" (id, "user", productname, "Category", "Subcategory", "Size", "PSize", "Price", "Subtotal", "Cost", "Qty", "Bill", "Change", "CusName", "DateTime") FROM stdin;
\.


--
-- Data for Name: AutomationApp_rejectorder; Type: TABLE DATA; Schema: public; Owner: -
--

COPY public."AutomationApp_rejectorder" (id, "Admin", "Customername", "Province", "MunicipalityCity", "Barangay", "StreetPurok", "Housenumber", "LandmarksnNotes", "DeliveryFee", contactnumber, "Bill", "Change", productname, "Category", "Subcategory", "Size", "Addons", "QtyAddons", "PSize", "Price", "Subtotal", "GSubtotal", "Cost", "Qty", "MOP", ordertype, "Timetodeliver", "ScheduleTime", gpslat, gpslng, gpsaccuracy, pinnedlat, pinnedlng, tokens, "DateTime", codecoupon) FROM stdin;
\.


--
-- Data for Name: AutomationApp_saecat; Type: TABLE DATA; Schema: public; Owner: -
--

COPY public."AutomationApp_saecat" (id, saecatchoices) FROM stdin;
1	Stock
2	Expenses
\.


--
-- Data for Name: AutomationApp_saesubcate; Type: TABLE DATA; Schema: public; Owner: -
--

COPY public."AutomationApp_saesubcate" (id, saesubcatchoices) FROM stdin;
6	Transportation
7	Salary
\.


--
-- Data for Name: AutomationApp_saesubcats; Type: TABLE DATA; Schema: public; Owner: -
--

COPY public."AutomationApp_saesubcats" (id, saesubcatchoices) FROM stdin;
3	Start Stock
4	End Stock
6	Value Stock
\.


--
-- Data for Name: AutomationApp_sales; Type: TABLE DATA; Schema: public; Owner: -
--

COPY public."AutomationApp_sales" (id, "user", productname, "Category", "Subcategory", "Size", "PSize", "Price", "Subtotal", "GSubtotal", "Cost", "Qty", "Addons", "QtyAddons", "Bill", "Change", "MOP", ordertype, gpslat, gpslng, gpsaccuracy, pinnedlat, pinnedlng, "Province", "MunicipalityCity", "Barangay", "StreetPurok", "Housenumber", "LandmarksnNotes", "ScheduleTime", "Timetodeliver", "DeliveryFee", contactnumber, "CusName", "Amount", "Description", "Receipt", tokens, "DateTime", "Categoryaes_id", "Subcategorye_id", "Subcategorys_id", "RequiredMinimumAmount", codecoupon, discount) FROM stdin;
1	1	Darkchoco	Milktea		Reg		100	100	0	50.00	1		0	100	0		Offline	0.00000000000000000000	0.00000000000000000000	0.00000000000000000000	0.00000000000000000000	0.00000000000000000000									0	9000000000	asd	0.00				2022-11-07 22:04:07.596412+00	\N	\N	\N	0		
2	1	Darkchoco	Milktea		Reg		75	75	0	45.00	1		0	250	10		Offline	0.00000000000000000000	0.00000000000000000000	0.00000000000000000000	0.00000000000000000000	0.00000000000000000000									0	9000000000	asd	0.00				2022-11-08 10:32:12.673414+00	\N	\N	\N	0		
3	1	Darkchoco	Milktea		Full		100	100	0	65.00	1		0	250	10		Offline	0.00000000000000000000	0.00000000000000000000	0.00000000000000000000	0.00000000000000000000	0.00000000000000000000									0	9000000000	asd	0.00				2022-11-08 10:32:12.673612+00	\N	\N	\N	0		
4	1	Darkchoco	Milktea		Small		65	65	0	40.00	1		0	250	10		Offline	0.00000000000000000000	0.00000000000000000000	0.00000000000000000000	0.00000000000000000000	0.00000000000000000000									0	9000000000	asd	0.00				2022-11-08 10:32:12.673674+00	\N	\N	\N	0		
7	1	DeliveryFee	DeliveryFee	DeliveryFee	\N	\N	19	19	119	0.00	1	\N	0	1000	881	COD	Online	\N	\N	\N	15.32742595611744285122	120.64147758886784345123	Tarlac	Concepcion	Alfonso	Phase 2	1497	\N	00:00pm	Now	19	9640415018	Mary joy Macapinlac	0.00			\N	2022-11-08 10:58:12.565423+00	\N	\N	\N	0		
8	1	Darkchoco	Milktea	\N	Full	\N	100	100	119	65.00	1	\N	0	1000	881	COD	Online	\N	\N	\N	15.32742595611744300000	120.64147758886784000000	Tarlac	Concepcion	Alfonso	Phase 2	1497	\N	00:00pm	Now	19	9640415018	Mary joy Macapinlac	0.00			\N	2022-11-08 10:58:12.565423+00	\N	\N	\N	0		
9	1	Darkchoco	Milktea		Full		100	100	0	65.00	1		0	1000	323		Offline	0.00000000000000000000	0.00000000000000000000	0.00000000000000000000	0.00000000000000000000	0.00000000000000000000									0	9000000000	appey	0.00				2022-11-09 12:24:42.595598+00	\N	\N	\N	0		
10	1	Darkchoco	Frappe		Full		110	110	0	85.00	1		0	1000	323		Offline	0.00000000000000000000	0.00000000000000000000	0.00000000000000000000	0.00000000000000000000	0.00000000000000000000									0	9000000000	appey	0.00				2022-11-09 12:24:42.595815+00	\N	\N	\N	0		
11	1	Blueberry	Freeze				29	29	0	20.00	1		0	1000	323		Offline	0.00000000000000000000	0.00000000000000000000	0.00000000000000000000	0.00000000000000000000	0.00000000000000000000									0	9000000000	appey	0.00				2022-11-09 12:24:42.595916+00	\N	\N	\N	0		
12	1	Cheesy Spinach	Snacks	Pizza		Pamilya(12")	180	180	0	130.00	1		0	1000	323		Offline	0.00000000000000000000	0.00000000000000000000	0.00000000000000000000	0.00000000000000000000	0.00000000000000000000									0	9000000000	appey	0.00				2022-11-09 12:24:42.595976+00	\N	\N	\N	0		
13	1	Cheesy Spinach	Snacks	Pizza		Barkada(10")	160	160	0	120.00	1		0	1000	323		Offline	0.00000000000000000000	0.00000000000000000000	0.00000000000000000000	0.00000000000000000000	0.00000000000000000000									0	9000000000	appey	0.00				2022-11-09 12:24:42.596033+00	\N	\N	\N	0		
14	1	Fries with Lemonade	Snacks	Fries			29	29	0	19.00	1		0	1000	323		Offline	0.00000000000000000000	0.00000000000000000000	0.00000000000000000000	0.00000000000000000000	0.00000000000000000000									0	9000000000	appey	0.00				2022-11-09 12:24:42.596087+00	\N	\N	\N	0		
15	1	Shawarma	Snacks	Shawarma			49	49	0	35.00	1		0	1000	323		Offline	0.00000000000000000000	0.00000000000000000000	0.00000000000000000000	0.00000000000000000000	0.00000000000000000000									0	9000000000	appey	0.00				2022-11-09 12:24:42.596141+00	\N	\N	\N	0		
16	1	Fries	Snacks	Fries			20	20	0	18.00	1		0	1000	323		Offline	0.00000000000000000000	0.00000000000000000000	0.00000000000000000000	0.00000000000000000000	0.00000000000000000000									0	9000000000	appey	0.00				2022-11-09 12:24:42.596196+00	\N	\N	\N	0		
19	4	Darkchoco	Milktea		Reg		79	79	0	50.42	1		0	79	0		Offline	0.00000000000000000000	0.00000000000000000000	0.00000000000000000000	0.00000000000000000000	0.00000000000000000000									0	9000000000	Girl	0.00				2022-11-10 05:14:39.413488+00	\N	\N	\N	0		
20	4	Hawaiian	Snacks	Pizza		Pamilya(12")	235	235	0	157.31	1		0	240	5		Offline	0.00000000000000000000	0.00000000000000000000	0.00000000000000000000	0.00000000000000000000	0.00000000000000000000									0	9000000000	Tito	0.00				2022-11-10 06:40:55.570867+00	\N	\N	\N	0		
21	4	Hawaiian	Snacks	Pizza		Pamilya(12")	235	470	0	157.31	2		0	470	0		Offline	0.00000000000000000000	0.00000000000000000000	0.00000000000000000000	0.00000000000000000000	0.00000000000000000000									0	9000000000	T8to	0.00				2022-11-10 07:50:35.021835+00	\N	\N	\N	0		
22	4	Cookies and Cream	Frappe		Full		99	99	0	66.19	1		0	99	0		Offline	0.00000000000000000000	0.00000000000000000000	0.00000000000000000000	0.00000000000000000000	0.00000000000000000000									0	9000000000	Girll	0.00				2022-11-10 09:35:47.647458+00	\N	\N	\N	0		
23	4	Hawaiian	Snacks	Pizza		Pamilya(12")	235	705	0	157.31	3		0	705	0		Offline	0.00000000000000000000	0.00000000000000000000	0.00000000000000000000	0.00000000000000000000	0.00000000000000000000									0	9000000000	Tito	0.00				2022-11-10 11:23:21.640211+00	\N	\N	\N	0		
24	4	Blueberry Cheesecake	Frappe		Reg		89	89	0	59.35	1		0	89	0		Offline	0.00000000000000000000	0.00000000000000000000	0.00000000000000000000	0.00000000000000000000	0.00000000000000000000									0	9000000000	Ky	0.00				2022-11-10 11:23:47.619153+00	\N	\N	\N	0		
25	4	Mango Cheesecake	Frappe		Reg		89	89	0	59.34	1		0	89	0		Offline	0.00000000000000000000	0.00000000000000000000	0.00000000000000000000	0.00000000000000000000	0.00000000000000000000									0	9000000000	Ky	0.00				2022-11-11 09:49:11.797383+00	\N	\N	\N	0		
26	4	Shawarma	Snacks	Shawarma			49	49	0	33.05	1		0	50	1		Offline	0.00000000000000000000	0.00000000000000000000	0.00000000000000000000	0.00000000000000000000	0.00000000000000000000									0	9000000000	Girly	0.00				2022-11-11 11:49:59.127451+00	\N	\N	\N	0		
27	4	Pamilya Fries	Snacks	Fries			125	125	0	81.98	1		0	125	0		Offline	0.00000000000000000000	0.00000000000000000000	0.00000000000000000000	0.00000000000000000000	0.00000000000000000000									0	9000000000	Mj	0.00				2022-11-11 11:59:40.551576+00	\N	\N	\N	0		
28	4	Pepperoni	Snacks	Pizza		Pamilya(12")	229	229	0	153.59	1		0	1000	180		Offline	0.00000000000000000000	0.00000000000000000000	0.00000000000000000000	0.00000000000000000000	0.00000000000000000000									0	9000000000	Boi	0.00				2022-11-11 13:18:21.273956+00	\N	\N	\N	0		
29	4	Hawaiian	Snacks	Pizza		Pamilya(12")	235	235	0	157.31	1		0	1000	180		Offline	0.00000000000000000000	0.00000000000000000000	0.00000000000000000000	0.00000000000000000000	0.00000000000000000000									0	9000000000	Boi	0.00				2022-11-11 13:18:21.274298+00	\N	\N	\N	0		
30	4	Choco Oreo	Milktea		Full		89	89	0	58.60	1		0	1000	180		Offline	0.00000000000000000000	0.00000000000000000000	0.00000000000000000000	0.00000000000000000000	0.00000000000000000000									0	9000000000	Boi	0.00				2022-11-11 13:18:21.274448+00	\N	\N	\N	0		
31	4	Darkchoco	Milktea		Full		89	89	0	60.18	1		0	1000	180		Offline	0.00000000000000000000	0.00000000000000000000	0.00000000000000000000	0.00000000000000000000	0.00000000000000000000									0	9000000000	Boi	0.00				2022-11-11 13:18:21.274558+00	\N	\N	\N	0		
32	4	Darkchoco	Milktea		Full		89	89	0	60.18	1		0	1000	180		Offline	0.00000000000000000000	0.00000000000000000000	0.00000000000000000000	0.00000000000000000000	0.00000000000000000000									0	9000000000	Boi	0.00				2022-11-11 13:18:21.274667+00	\N	\N	\N	0		
33	4	Darkchoco	Milktea		Full		89	89	0	60.18	1		0	1000	180		Offline	0.00000000000000000000	0.00000000000000000000	0.00000000000000000000	0.00000000000000000000	0.00000000000000000000									0	9000000000	Boi	0.00				2022-11-11 13:18:21.27477+00	\N	\N	\N	0		
35	4						0	0	0	0.00	0		0	0	0		Offline	0.00000000000000000000	0.00000000000000000000	0.00000000000000000000	0.00000000000000000000	0.00000000000000000000									0	9000000000		6029.30	\N			2022-11-11 14:09:20.094566+00	1	\N	6	0		
36	4	Mango	Freeze				29	87	0	20.52	3		0	116	0		Offline	0.00000000000000000000	0.00000000000000000000	0.00000000000000000000	0.00000000000000000000	0.00000000000000000000									0	9000000000	Lola luz	0.00				2022-11-12 08:36:54.015188+00	\N	\N	\N	0		
37	4	Strawberry	Freeze				29	29	0	20.52	1		0	116	0		Offline	0.00000000000000000000	0.00000000000000000000	0.00000000000000000000	0.00000000000000000000	0.00000000000000000000									0	9000000000	Lola luz	0.00				2022-11-12 08:36:54.015432+00	\N	\N	\N	0		
5	1	DeliveryFee	DeliveryFee	DeliveryFee	\N	\N	10	10	110	0.00	1	\N	0	150	40	COD	Online	15.40349987872165200000	120.60749547950829000000	1.00000000000000000000	15.40349987872165200000	120.60749547950829000000	Tarlac	Concepcion	San Agustin(Murcia)	Tobias	903	fda	00:00pm	Now	10	9770120167	Kim Jasper De Guzman	0.00	\N		edwFBkp54oCe6CrsgRzH-2:APA91bFew4jh2OnTcQ79iNDB5_qbcFtDtVjuJPqCwIBQKBq36sS1OpcYCHgyLdZBSUTF8eZ_2rtxxtliwsWQ-90SjnxjVgOKAgJ7O3gby1bbopLknGkkatlU8nvnhBBOCVq1X1kf2RjA	2022-11-08 10:40:15+00	\N	\N	\N	0	\N	\N
6	1	Darkchoco	Milktea	\N	Full	\N	100	100	110	65.00	1	\N	0	150	40	COD	Online	15.40349987872165200000	120.60749547950829000000	1.00000000000000000000	15.40349987872165200000	120.60749547950829000000	Tarlac	Concepcion	San Agustin(Murcia)	Tobias	903	fda	00:00pm	Now	10	9770120167	Kim Jasper De Guzman	0.00	\N		edwFBkp54oCe6CrsgRzH-2:APA91bFew4jh2OnTcQ79iNDB5_qbcFtDtVjuJPqCwIBQKBq36sS1OpcYCHgyLdZBSUTF8eZ_2rtxxtliwsWQ-90SjnxjVgOKAgJ7O3gby1bbopLknGkkatlU8nvnhBBOCVq1X1kf2RjA	2022-11-08 10:40:15+00	\N	\N	\N	0	\N	\N
17	1	DeliveryFee	DeliveryFee	DeliveryFee	\N	\N	10	10	125	0.00	1	\N	0	150	25	COD	Online	15.40349987872165200000	120.60749547950829000000	1.00000000000000000000	15.40349987872165200000	120.60749547950829000000	Tarlac	Concepcion	San Agustin(Murcia)	Tobias	903	asdd	00:00pm	Now	10	9770120167	Kim Jasper De Guzman	0.00	\N		edwFBkp54oCe6CrsgRzH-2:APA91bH5U6nmDZjkeGsI20zVhERwPwMivjgrslyhfpT-64YcwLOYr1VUGUE8tLOB0b4t4fzfCxwi1gGunxjTx2ptnlfRbypWriP62MqnHPRa1kwXAeQwHFx2LBgR2z8lu0gXY4tOt0Ph	2022-11-10 01:27:46+00	\N	\N	\N	0	\N	\N
38	4	Mango Grahams	Frappe		Reg		89	89	0	58.35	1		0	89	0		Offline	0.00000000000000000000	0.00000000000000000000	0.00000000000000000000	0.00000000000000000000	0.00000000000000000000									0	9000000000	Kyky	0.00				2022-11-12 08:36:54.015502+00	\N	\N	\N	0		
39	4	DeliveryFee	DeliveryFee	DeliveryFee	\N	\N	0	0	0	0.00	1	\N	0	159	159	Pickup	Online	\N	\N	\N	\N	\N	Tarlac	\N	\N	\N	\N	\N	00:00pm	Now	\N	9610415018	Mary joy Macapinlac	0.00			\N	2022-11-12 08:54:24.848083+00	\N	\N	\N	0		
40	4	Cheesy Spinach	Snacks	Pizza	\N	Barkada(10")	159	159	0	105.02	1	\N	0	159	159	Pickup	Online	\N	\N	\N	\N	\N	Tarlac	\N	\N	\N	\N	\N	00:00pm	Now	\N	9610415018	Mary joy Macapinlac	0.00			\N	2022-11-12 08:54:24.848083+00	\N	\N	\N	0		
41	4	Shawarma	Snacks	Shawarma			49	49	0	33.05	1		0	49	0		Offline	0.00000000000000000000	0.00000000000000000000	0.00000000000000000000	0.00000000000000000000	0.00000000000000000000									0	9000000000	Girl	0.00				2022-11-14 05:10:37.022677+00	\N	\N	\N	0		
42	4	Darkchoco	Milktea		Reg		79	79	0	50.42	1		0	1020	17		Offline	0.00000000000000000000	0.00000000000000000000	0.00000000000000000000	0.00000000000000000000	0.00000000000000000000									0	9000000000	1020	0.00				2022-11-14 06:22:16.232906+00	\N	\N	\N	0		
43	4	Chocomalt	Milktea		Reg		75	450	0	49.22	6		0	1020	17		Offline	0.00000000000000000000	0.00000000000000000000	0.00000000000000000000	0.00000000000000000000	0.00000000000000000000									0	9000000000	1020	0.00				2022-11-14 06:22:16.233172+00	\N	\N	\N	0		
44	4	Salted Caramel	Milktea		Reg		79	474	0	44.63	6		0	1020	17		Offline	0.00000000000000000000	0.00000000000000000000	0.00000000000000000000	0.00000000000000000000	0.00000000000000000000									0	9000000000	1020	0.00				2022-11-14 06:22:16.233355+00	\N	\N	\N	0		
47	4	Fries with Lemonade	Snacks	Fries			35	35	0	24.04	1		0	35	0		Offline	0.00000000000000000000	0.00000000000000000000	0.00000000000000000000	0.00000000000000000000	0.00000000000000000000									0	9000000000	Tita mon 	0.00				2022-11-14 07:40:37.405584+00	\N	\N	\N	0		
48	4	Fries with Lemonade	Snacks	Fries			35	35	0	24.04	1		0	50	15		Offline	0.00000000000000000000	0.00000000000000000000	0.00000000000000000000	0.00000000000000000000	0.00000000000000000000									0	9000000000	Kristel	0.00				2022-11-14 08:14:40.562801+00	\N	\N	\N	0		
49	4	Fries with Lemonade	Snacks	Fries			35	70	0	24.04	2		0	70	0		Offline	0.00000000000000000000	0.00000000000000000000	0.00000000000000000000	0.00000000000000000000	0.00000000000000000000									0	9000000000	Tita	0.00				2022-11-14 09:03:34.782055+00	\N	\N	\N	0		
50	4	Blueberry Cheesecake	Frappe		Reg		89	89	0	59.35	1		0	89	0		Offline	0.00000000000000000000	0.00000000000000000000	0.00000000000000000000	0.00000000000000000000	0.00000000000000000000									0	9000000000	Kyky	0.00				2022-11-14 13:12:02.796745+00	\N	\N	\N	0		
51	4						0	0	0	0.00	0		0	0	0		Offline	0.00000000000000000000	0.00000000000000000000	0.00000000000000000000	0.00000000000000000000	0.00000000000000000000									0	9000000000		40.00	\N			2022-11-14 13:13:16.159028+00	1	\N	6	0		
52	4						0	0	0	0.00	0		0	0	0		Offline	0.00000000000000000000	0.00000000000000000000	0.00000000000000000000	0.00000000000000000000	0.00000000000000000000									0	9000000000		10.00	\N			2022-11-14 13:13:34.030145+00	1	\N	6	0		
53	4	Strawberry	Freeze				29	58	0	20.52	2		0	60	2		Offline	0.00000000000000000000	0.00000000000000000000	0.00000000000000000000	0.00000000000000000000	0.00000000000000000000									0	9000000000	Martin	0.00				2022-11-15 08:41:07.976336+00	\N	\N	\N	0		
54	4	Hawaiian	Snacks	Pizza		Barkada(10")	189	189	0	122.25	1		0	200	11		Offline	0.00000000000000000000	0.00000000000000000000	0.00000000000000000000	0.00000000000000000000	0.00000000000000000000									0	9000000000	Tita	0.00				2022-11-15 09:09:04.476055+00	\N	\N	\N	0		
55	4	Cappuccino Caramel Macchiato	Milktea		Full		89	89	0	56.68	1		0	500	293		Offline	0.00000000000000000000	0.00000000000000000000	0.00000000000000000000	0.00000000000000000000	0.00000000000000000000									0	9000000000	Laurice	0.00				2022-11-15 10:15:55.913834+00	\N	\N	\N	0		
56	4	Javachips	Frappe		Full		89	89	0	58.62	1		0	500	293		Offline	0.00000000000000000000	0.00000000000000000000	0.00000000000000000000	0.00000000000000000000	0.00000000000000000000									0	9000000000	Laurice	0.00				2022-11-15 10:15:55.914053+00	\N	\N	\N	0		
57	4	Green Apple	Freeze				29	29	0	20.52	1		0	500	293		Offline	0.00000000000000000000	0.00000000000000000000	0.00000000000000000000	0.00000000000000000000	0.00000000000000000000									0	9000000000	Laurice	0.00				2022-11-15 10:15:55.914119+00	\N	\N	\N	0		
58	4	DeliveryFee	DeliveryFee	DeliveryFee	\N	\N	10	10	214	0.00	1	\N	0	214	0	COD	Online	\N	\N	\N	15.40359358904684938807	120.60774931955720035148	Tarlac	Concepcion	San Agustin(Murcia)	Purok Tobias 	903	\N	00:00pm	Now	10	9610415018	Mary joy Macapinlac	0.00			\N	2022-11-15 08:22:02.014754+00	\N	\N	\N	0		
59	4	Chocomalt	Milktea	\N	Full	\N	89	100	214	58.43	1	Tapioca	1	214	0	COD	Online	\N	\N	\N	15.40359358904685000000	120.60774931955720000000	Tarlac	Concepcion	San Agustin(Murcia)	Purok Tobias 	903	\N	00:00pm	Now	10	9610415018	Mary joy Macapinlac	0.00			\N	2022-11-15 08:22:02.014754+00	\N	\N	\N	0		
60	4	Double Dutch	Frappe	\N	Full	\N	89	104	214	56.68	1	Tapioca	1	214	0	COD	Online	\N	\N	\N	15.40359358904685000000	120.60774931955720000000	Tarlac	Concepcion	San Agustin(Murcia)	Purok Tobias 	903	\N	00:00pm	Now	10	9610415018	Mary joy Macapinlac	0.00			\N	2022-11-15 08:22:02.018328+00	\N	\N	\N	0		
61	4	Strawberry Cheesecake	Frappe		Reg		89	89	0	59.35	1		0	89	0		Offline	0.00000000000000000000	0.00000000000000000000	0.00000000000000000000	0.00000000000000000000	0.00000000000000000000									0	9000000000	Kuky	0.00				2022-11-15 14:35:31.449732+00	\N	\N	\N	0		
62	4	Cheesy Spinach	Snacks	Pizza		Pamilya(12")	189	378	0	125.27	2		0	1000	622		Offline	0.00000000000000000000	0.00000000000000000000	0.00000000000000000000	0.00000000000000000000	0.00000000000000000000									0	9000000000	Neljen	0.00				2022-11-16 09:45:08.664337+00	\N	\N	\N	0		
63	4	Fries Solo	Snacks	Fries			25	25	0	17.58	1		0	25	0		Offline	0.00000000000000000000	0.00000000000000000000	0.00000000000000000000	0.00000000000000000000	0.00000000000000000000									0	9000000000	Tita mon	0.00				2022-11-16 09:46:43.200075+00	\N	\N	\N	0		
64	4	Double Dutch	Milktea		Reg		79	79	0	48.42	1		0	79	0		Offline	0.00000000000000000000	0.00000000000000000000	0.00000000000000000000	0.00000000000000000000	0.00000000000000000000									0	9000000000	Tita mon	0.00				2022-11-16 09:46:43.200295+00	\N	\N	\N	0		
65	4	Hawaiian	Snacks	Pizza		Pamilya(12")	235	235	0	157.31	1		0	235	0		Offline	0.00000000000000000000	0.00000000000000000000	0.00000000000000000000	0.00000000000000000000	0.00000000000000000000									0	9000000000	Kyky	0.00				2022-11-16 09:55:09.355076+00	\N	\N	\N	0		
66	4	Green Apple	Freeze				29	29	0	20.52	1		0	100	42		Offline	0.00000000000000000000	0.00000000000000000000	0.00000000000000000000	0.00000000000000000000	0.00000000000000000000									0	9000000000	Kimmy	0.00				2022-11-16 10:11:28.60904+00	\N	\N	\N	0		
67	4	Blueberry	Freeze				29	29	0	20.52	1		0	100	42		Offline	0.00000000000000000000	0.00000000000000000000	0.00000000000000000000	0.00000000000000000000	0.00000000000000000000									0	9000000000	Kimmy	0.00				2022-11-16 10:11:28.609416+00	\N	\N	\N	0		
68	4	DeliveryFee	DeliveryFee	DeliveryFee	\N	\N	0	0	0	0.00	1	\N	0	200	200	Pickup	Online	\N	\N	\N	\N	\N	Tarlac	\N	\N	\N	\N	\N	00:00pm	Now	\N	9079904713	Moneth De guzman	0.00			\N	2022-11-17 06:45:38.284857+00	\N	\N	\N	0		
69	4	Darkchoco	Frappe	\N	Full	\N	89	178	0	60.38	2	\N	0	200	200	Pickup	Online	\N	\N	\N	\N	\N	Tarlac	\N	\N	\N	\N	\N	00:00pm	Now	\N	9079904713	Moneth De guzman	0.00			\N	2022-11-17 06:45:38.284857+00	\N	\N	\N	0		
70	4	DeliveryFee	DeliveryFee	DeliveryFee	\N	\N	0	0	0	0.00	1	\N	0	200	200	Pickup	Online	\N	\N	\N	\N	\N	Tarlac	\N	\N	\N	\N	\N	00:00pm	Now	\N	9079904713	Moneth De guzman	0.00			\N	2022-11-17 06:45:38.284857+00	\N	\N	\N	0		
71	4	DeliveryFee	DeliveryFee	DeliveryFee	\N	\N	0	0	0	0.00	1	\N	0	100	100	Pickup	Online	\N	\N	\N	\N	\N	Tarlac	\N	\N	\N	\N	\N	00:00pm	Now	\N	9079904713	Moneth De guzman	0.00			\N	2022-11-15 10:15:17.100012+00	\N	\N	\N	0		
72	4	Cappuccino Caramel Macchiato	Milktea	\N	Full	\N	89	89	0	56.68	1	\N	0	100	100	Pickup	Online	\N	\N	\N	\N	\N	Tarlac	\N	\N	\N	\N	\N	00:00pm	Now	\N	9079904713	Moneth De guzman	0.00			\N	2022-11-15 10:15:17.100012+00	\N	\N	\N	0		
73	4	DeliveryFee	DeliveryFee	DeliveryFee	\N	\N	10	10	99	0.00	1	\N	0	100	1	COD	Online	\N	\N	\N	15.40382463566721327197	120.60811954790339939336	Tarlac	Concepcion	San Agustin(Murcia)	Purok tobias	106410	School	00:00pm	Now	10	9489758486	Richel Briones	0.00			\N	2022-11-17 07:45:28.951115+00	\N	\N	\N	0		
142	4	Fries with Lemonade	Snacks	Fries			35	35	0	24.04	1		0	35	0		Offline	0.00000000000000000000	0.00000000000000000000	0.00000000000000000000	0.00000000000000000000	0.00000000000000000000									0	9000000000	Girl	0.00				2022-11-25 09:53:56.551023+00	\N	\N	\N	0		
46	4	Cheesy Spinach	Snacks	Pizza	\N	Barkada(10")	159	159	0	105.02	1	\N	0	159	159	Pickup	Online	15.40349987872165200000	120.60749547950829000000	\N	15.40349987872165200000	120.60749547950829000000	Tarlac	\N	\N	\N	\N	\N	00:00pm	Now	\N	9770120167	Kim Jasper De Guzman	0.00	\N		chcJGbIfs_6KjdjLu2FE66:APA91bGviQjj9fZp61TzHuL9RzLs0EEGOp7oux0brmjC4-PZqmSg7IQzEwH_4p7dvoTkoN9eJ3dloNVVh9kc7cHVGfnQnc8G0d6GjAx42NpbmGemiw4k-b_sZs64lCGgplbhzZibG7Hx	2022-11-14 06:14:10+00	\N	\N	\N	0	\N	\N
74	4	Strawberry Cheesecake	Frappe	\N	Reg	\N	89	89	99	59.35	1	\N	0	100	1	COD	Online	\N	\N	\N	15.40382463566721300000	120.60811954790340000000	Tarlac	Concepcion	San Agustin(Murcia)	Purok tobias	106410	School	00:00pm	Now	10	9489758486	Richel Briones	0.00			\N	2022-11-17 07:45:28.951115+00	\N	\N	\N	0		
143	4	Blueberry	Freeze				29	29	0	20.52	1		0	100	46		Offline	0.00000000000000000000	0.00000000000000000000	0.00000000000000000000	0.00000000000000000000	0.00000000000000000000									0	9000000000	Rizza	0.00				2022-11-25 10:40:39.476084+00	\N	\N	\N	0		
144	4	Fries Solo	Snacks	Fries			25	25	0	17.58	1		0	100	46		Offline	0.00000000000000000000	0.00000000000000000000	0.00000000000000000000	0.00000000000000000000	0.00000000000000000000									0	9000000000	Rizza	0.00				2022-11-25 10:40:39.476392+00	\N	\N	\N	0		
145	4	Blueberry	Freeze				29	29	0	20.52	1		0	100	46		Offline	0.00000000000000000000	0.00000000000000000000	0.00000000000000000000	0.00000000000000000000	0.00000000000000000000									0	9000000000	Ricsy	0.00				2022-11-25 10:40:39.476518+00	\N	\N	\N	0		
83	4	Darkchoco	Frappe		Reg		79	79	0	50.86	1		0	100	21		Offline	0.00000000000000000000	0.00000000000000000000	0.00000000000000000000	0.00000000000000000000	0.00000000000000000000									0	9000000000	Kyky	0.00				2022-11-17 12:30:34.93933+00	\N	\N	\N	0		
84	4	DeliveryFee	DeliveryFee	DeliveryFee	\N	\N	0	0	0	0.00	1	\N	0	104	104	Pickup	Online	15.60420000000000051443	120.60160000000000479758	1.00000000000000000000	\N	\N	Tarlac	\N	\N	\N	\N	\N	00:00pm	Now	\N	9123456789	kylie rose Deguzman	0.00			\N	2022-11-18 06:39:21.281032+00	\N	\N	\N	0		
85	4	Blueberry Cheesecake	Frappe	\N	Reg	\N	89	104	0	59.35	1	Tapioca	1	104	104	Pickup	Online	15.60420000000000000000	120.60160000000000000000	1.00000000000000000000	\N	\N	Tarlac	\N	\N	\N	\N	\N	00:00pm	Now	\N	9123456789	kylie rose Deguzman	0.00			\N	2022-11-18 06:39:21.281032+00	\N	\N	\N	0		
86	4	DeliveryFee	DeliveryFee	DeliveryFee	\N	\N	0	0	0	0.00	1	\N	0	25	25	Pickup	Online	\N	\N	\N	\N	\N	Tarlac	\N	\N	\N	\N	\N	00:00pm	Now	\N	9610415018	Mary joy Macapinlac	0.00			\N	2022-11-18 07:18:59.316184+00	\N	\N	\N	0		
87	4	Fries Solo	Snacks	Fries	\N	\N	25	25	0	17.58	1	\N	0	25	25	Pickup	Online	\N	\N	\N	\N	\N	Tarlac	\N	\N	\N	\N	\N	00:00pm	Now	\N	9610415018	Mary joy Macapinlac	0.00			\N	2022-11-18 07:18:59.316184+00	\N	\N	\N	0		
88	4	DeliveryFee	DeliveryFee	DeliveryFee	\N	\N	0	0	0	0.00	1	\N	0	25	25	Pickup	Online	\N	\N	\N	\N	\N	Tarlac	\N	\N	\N	\N	\N	00:00pm	Now	\N	9610415018	Mary joy Macapinlac	0.00			\N	2022-11-18 07:18:59.316184+00	\N	\N	\N	0		
89	4	Shawarma	Snacks	Shawarma			49	98	0	33.05	2		0	148	0		Offline	0.00000000000000000000	0.00000000000000000000	0.00000000000000000000	0.00000000000000000000	0.00000000000000000000									0	9000000000	Girl	0.00				2022-11-20 05:40:10.436644+00	\N	\N	\N	0		
90	4	Fries Solo	Snacks	Fries			25	50	0	17.58	2		0	148	0		Offline	0.00000000000000000000	0.00000000000000000000	0.00000000000000000000	0.00000000000000000000	0.00000000000000000000									0	9000000000	Girl	0.00				2022-11-20 05:40:10.436942+00	\N	\N	\N	0		
91	4	Shawarma	Snacks	Shawarma			49	98	0	33.05	2		0	200	52		Offline	0.00000000000000000000	0.00000000000000000000	0.00000000000000000000	0.00000000000000000000	0.00000000000000000000									0	9000000000	Ysabelle	0.00				2022-11-20 06:12:16.518547+00	\N	\N	\N	0		
92	4	Fries Solo	Snacks	Fries			25	50	0	17.58	2		0	200	52		Offline	0.00000000000000000000	0.00000000000000000000	0.00000000000000000000	0.00000000000000000000	0.00000000000000000000									0	9000000000	Ysabelle	0.00				2022-11-20 06:12:16.518752+00	\N	\N	\N	0		
93	4	Fries with Lemonade	Snacks	Fries			35	35	0	24.04	1		0	35	0		Offline	0.00000000000000000000	0.00000000000000000000	0.00000000000000000000	0.00000000000000000000	0.00000000000000000000									0	9000000000	 Chealsea	0.00				2022-11-20 06:22:22.86534+00	\N	\N	\N	0		
94	4	Green Apple	Freeze				29	58	0	20.52	2		0	100	42		Offline	0.00000000000000000000	0.00000000000000000000	0.00000000000000000000	0.00000000000000000000	0.00000000000000000000									0	9000000000	Boy	0.00				2022-11-20 08:03:59.003874+00	\N	\N	\N	0		
95	4	DeliveryFee	DeliveryFee	DeliveryFee	\N	\N	10	10	392	0.00	1	\N	0	401	9	COD	Online	\N	\N	\N	15.40172273755808518558	120.60873797406172514002	Tarlac	Concepcion	San Agustin(Murcia)	Soliman (near brgy hall) 	104	Kareng guevarra po lele brgy hall 	00:00pm	Now	10	9558857864	Aizel Pernitez	0.00			\N	2022-11-20 07:27:50.187024+00	\N	\N	\N	0		
96	4	Shawarma	Snacks	Shawarma	\N	\N	49	98	392	33.05	2	\N	0	401	9	COD	Online	\N	\N	\N	15.40172273755808500000	120.60873797406173000000	Tarlac	Concepcion	San Agustin(Murcia)	Soliman (near brgy hall) 	104	Kareng guevarra po lele brgy hall 	00:00pm	Now	10	9558857864	Aizel Pernitez	0.00			\N	2022-11-20 07:27:50.187024+00	\N	\N	\N	0		
97	4	Cheesy Spinach	Snacks	Pizza	\N	Barkada(10")	159	159	392	105.02	1	\N	0	401	9	COD	Online	\N	\N	\N	15.40172273755808500000	120.60873797406173000000	Tarlac	Concepcion	San Agustin(Murcia)	Soliman (near brgy hall) 	104	Kareng guevarra po lele brgy hall 	00:00pm	Now	10	9558857864	Aizel Pernitez	0.00			\N	2022-11-20 07:27:50.189893+00	\N	\N	\N	0		
146	4	Fries Solo	Snacks	Fries			25	25	0	17.58	1		0	100	46		Offline	0.00000000000000000000	0.00000000000000000000	0.00000000000000000000	0.00000000000000000000	0.00000000000000000000									0	9000000000	Ricsy	0.00				2022-11-25 10:40:39.476623+00	\N	\N	\N	0		
147	4	Blueberry	Freeze				29	29	0	20.52	1		0	100	46		Offline	0.00000000000000000000	0.00000000000000000000	0.00000000000000000000	0.00000000000000000000	0.00000000000000000000									0	9000000000	Jasmin3	0.00				2022-11-25 10:40:39.476728+00	\N	\N	\N	0		
148	4	Fries Solo	Snacks	Fries			25	25	0	17.58	1		0	100	46		Offline	0.00000000000000000000	0.00000000000000000000	0.00000000000000000000	0.00000000000000000000	0.00000000000000000000									0	9000000000	Jasmin3	0.00				2022-11-25 10:40:39.47683+00	\N	\N	\N	0		
149	4	DeliveryFee	DeliveryFee	DeliveryFee	\N	\N	0	0	0	0.00	1	\N	0	50	50	Pickup	Online	15.40360160000000000480	120.60759470000000703749	22.62599945068359375000	\N	\N	Tarlac	\N	\N	\N	\N	\N	00:00pm	Now	\N	9610415018	Maryjoy Macapinlac 	0.00			\N	2022-11-25 09:55:00.807515+00	\N	\N	\N	0	\N	
150	4	Shawarma	Snacks	Shawarma	\N	\N	49	49	0	33.05	1	\N	0	50	50	Pickup	Online	15.40360160000000000000	120.60759470000000000000	22.62599945068359400000	\N	\N	Tarlac	\N	\N	\N	\N	\N	00:00pm	Now	\N	9610415018	Maryjoy Macapinlac 	0.00			\N	2022-11-25 09:55:00.807515+00	\N	\N	\N	0	\N	
151	4	DeliveryFee	DeliveryFee	DeliveryFee	\N	\N	0	0	0	0.00	1	\N	0	89	89	Pickup	Online	15.60420000000000051443	120.60160000000000479758	1.00000000000000000000	\N	\N	Tarlac	\N	\N	\N	\N	\N	00:00pm	Now	\N	9770120167	KGD Cafe	0.00			\N	2022-11-25 11:19:48.118308+00	\N	\N	\N	0	\N	
152	4	Frappe Mocha with Free Fries	Promo	\N	Full	\N	89	89	0	77.58	1	\N	0	89	89	Pickup	Online	15.60420000000000000000	120.60160000000000000000	1.00000000000000000000	\N	\N	Tarlac	\N	\N	\N	\N	\N	00:00pm	Now	\N	9770120167	KGD Cafe	0.00			\N	2022-11-25 11:19:48.118308+00	\N	\N	\N	0	\N	
153	4	Free Fries	Snacks	Fries	\N	\N	0	0	0	17.58	1	\N	0	89	89	Pickup	Online	15.60420000000000000000	120.60160000000000000000	1.00000000000000000000	\N	\N	Tarlac	\N	\N	\N	\N	\N	00:00pm	Now	\N	9770120167	KGD Cafe	0.00			\N	2022-11-25 11:19:48.121292+00	\N	\N	\N	0	\N	
154	4	Shawarma	Snacks	Shawarma			49	147	0	33.05	3		0	147	0		Offline	0.00000000000000000000	0.00000000000000000000	0.00000000000000000000	0.00000000000000000000	0.00000000000000000000									0	9000000000	Boi	0.00				2022-11-25 11:56:48.601234+00	\N	\N	\N	0		
155	4	Cookies and Cream	Frappe		Reg		89	89	0	56.99	1		0	500	411		Offline	0.00000000000000000000	0.00000000000000000000	0.00000000000000000000	0.00000000000000000000	0.00000000000000000000									0	9000000000	Kyky	0.00				2022-11-25 11:56:48.601428+00	\N	\N	\N	0		
156	4	Strawberry	Freeze				29	29	0	20.52	1		0	30	1		Offline	0.00000000000000000000	0.00000000000000000000	0.00000000000000000000	0.00000000000000000000	0.00000000000000000000									0	9000000000	Boy	0.00				2022-11-26 07:19:44.919324+00	\N	\N	\N	0		
98	4	Fries Pamilya	Snacks	Fries	\N	\N	125	125	392	81.98	1	\N	0	401	9	COD	Online	\N	\N	\N	15.40172273755808500000	120.60873797406173000000	Tarlac	Concepcion	San Agustin(Murcia)	Soliman (near brgy hall) 	104	Kareng guevarra po lele brgy hall 	00:00pm	Now	10	9558857864	Aizel Pernitez	0.00			\N	2022-11-20 07:27:50.192616+00	\N	\N	\N	0		
115	4	DeliveryFee	DeliveryFee	DeliveryFee	\N	\N	10	10	294	0.00	1	\N	0	300	6	COD	Online	\N	\N	\N	15.40113941100165300000	120.61135182201112000000	Tarlac	Concepcion	San Agustin(Murcia)	Pasda	618	Tindahan	00:00pm	Now	10	639150018854	Maricel Miranda	0.00	\N		\N	2022-11-23 08:29:39+00	\N	\N	\N	0	\N	\N
100	4	Blueberry Cheesecake	Frappe		Full		99	99	0	67.98	1		0	99	0		Offline	0.00000000000000000000	0.00000000000000000000	0.00000000000000000000	0.00000000000000000000	0.00000000000000000000									0	9000000000	Kyky	0.00				2022-11-20 13:19:35.838507+00	\N	\N	\N	0		
101	4	Fries with Lemonade	Snacks	Fries			35	70	0	24.04	2		0	70	0		Offline	0.00000000000000000000	0.00000000000000000000	0.00000000000000000000	0.00000000000000000000	0.00000000000000000000									0	9000000000	Jewel	0.00				2022-11-22 08:06:03.793873+00	\N	\N	\N	0		
102	4	DeliveryFee	DeliveryFee	DeliveryFee	\N	\N	0	0	0	0.00	1	\N	0	114	114	Pickup	Online	\N	\N	\N	\N	\N	Tarlac	\N	\N	\N	\N	\N	00:00pm	Now	\N	9079904713	Ramonita De Guzman	0.00			\N	2022-11-22 09:44:47.221203+00	\N	\N	\N	0		
103	4	Choco Oreo	Milktea	\N	Reg	\N	79	79	0	48.92	1	\N	0	114	114	Pickup	Online	\N	\N	\N	\N	\N	Tarlac	\N	\N	\N	\N	\N	00:00pm	Now	\N	9079904713	Ramonita De Guzman	0.00			\N	2022-11-22 09:44:47.221203+00	\N	\N	\N	0		
104	4	Fries with Lemonade	Snacks	Fries	\N	\N	35	35	0	24.04	1	\N	0	114	114	Pickup	Online	\N	\N	\N	\N	\N	Tarlac	\N	\N	\N	\N	\N	00:00pm	Now	\N	9079904713	Ramonita De Guzman	0.00			\N	2022-11-22 09:44:47.224375+00	\N	\N	\N	0		
105	4	DeliveryFee	DeliveryFee	DeliveryFee	\N	\N	0	0	0	0.00	1	\N	0	114	114	Pickup	Online	\N	\N	\N	\N	\N	Tarlac	\N	\N	\N	\N	\N	00:00pm	Now	\N	9079904713	Ramonita De Guzman	0.00			\N	2022-11-22 09:44:47.221203+00	\N	\N	\N	0		
108	4	Hawaiian	Snacks	Pizza		Pamilya(12")	235	235	0	157.31	1		0	500	265		Offline	0.00000000000000000000	0.00000000000000000000	0.00000000000000000000	0.00000000000000000000	0.00000000000000000000									0	9000000000	Jerlyn	0.00				2022-11-22 11:37:35.37954+00	\N	\N	\N	0		
118	4	Fries with Lemonade	Snacks	Fries			35	35	0	24.04	1		0	35	0		Offline	0.00000000000000000000	0.00000000000000000000	0.00000000000000000000	0.00000000000000000000	0.00000000000000000000									0	9000000000	Kris	0.00				2022-11-23 10:01:15.831503+00	\N	\N	\N	0		
111	4	Green Apple	Freeze				29	87	0	20.52	3		0	87	0		Offline	0.00000000000000000000	0.00000000000000000000	0.00000000000000000000	0.00000000000000000000	0.00000000000000000000									0	9000000000	Ioki	0.00				2022-11-23 07:42:33.078847+00	\N	\N	\N	0		
119	4	Choco Oreo	Milktea		Reg		79	79	0	48.92	1		0	100	21		Offline	0.00000000000000000000	0.00000000000000000000	0.00000000000000000000	0.00000000000000000000	0.00000000000000000000									0	9000000000	Kuya	0.00				2022-11-23 11:26:26.230147+00	\N	\N	\N	0		
138	4	Fries with Lemonade	Snacks	Fries			35	35	0	24.04	1		0	85	0		Offline	0.00000000000000000000	0.00000000000000000000	0.00000000000000000000	0.00000000000000000000	0.00000000000000000000									0	9000000000	Tita lyn	0.00				2022-11-25 08:54:48.87473+00	\N	\N	\N	0		
117	4	Hawaiian	Snacks	Pizza	\N	Pamilya(12")	235	235	294	157.31	1	\N	0	300	6	COD	Online	\N	\N	\N	15.40113941100165300000	120.61135182201112000000	Tarlac	Concepcion	San Agustin(Murcia)	Pasda	618	Tindahan	00:00pm	Now	10	639150018854	Maricel Miranda	0.00	\N		\N	2022-11-23 08:29:39+00	\N	\N	\N	0	\N	\N
116	4	Shawarma	Snacks	Shawarma	\N	\N	49	49	294	33.05	1	\N	0	300	6	COD	Online	\N	\N	\N	15.40113941100165300000	120.61135182201112000000	Tarlac	Concepcion	San Agustin(Murcia)	Pasda	618	Tindahan	00:00pm	Now	10	639150018854	Maricel Miranda	0.00	\N		\N	2022-11-23 08:29:39+00	\N	\N	\N	0	\N	\N
120	4	Mango	Freeze				29	58	0	20.52	2		0	100	42		Offline	0.00000000000000000000	0.00000000000000000000	0.00000000000000000000	0.00000000000000000000	0.00000000000000000000									0	9000000000	Jco	0.00				2022-11-24 07:29:18.21107+00	\N	\N	\N	0		
121	4	Javachips	Frappe		Full		89	89	0	58.62	1		0	300	33		Offline	0.00000000000000000000	0.00000000000000000000	0.00000000000000000000	0.00000000000000000000	0.00000000000000000000									0	9000000000	Gel	0.00				2022-11-24 08:21:15.259274+00	\N	\N	\N	0		
122	4	Darkchoco	Frappe		Full		89	89	0	60.38	1		0	300	33		Offline	0.00000000000000000000	0.00000000000000000000	0.00000000000000000000	0.00000000000000000000	0.00000000000000000000									0	9000000000	Gel	0.00				2022-11-24 08:21:15.259464+00	\N	\N	\N	0		
123	4	Darkchoco	Frappe		Full		89	89	0	60.38	1		0	300	33		Offline	0.00000000000000000000	0.00000000000000000000	0.00000000000000000000	0.00000000000000000000	0.00000000000000000000									0	9000000000	Gel	0.00				2022-11-24 08:21:15.259533+00	\N	\N	\N	0		
124	4	Fries with Lemonade	Snacks	Fries			35	70	0	24.04	2		0	100	30		Offline	0.00000000000000000000	0.00000000000000000000	0.00000000000000000000	0.00000000000000000000	0.00000000000000000000									0	9000000000	Adi	0.00				2022-11-24 11:21:55.006701+00	\N	\N	\N	0		
125	4	Shawarma	Snacks	Shawarma			49	49	0	33.05	1		0	50	1		Offline	0.00000000000000000000	0.00000000000000000000	0.00000000000000000000	0.00000000000000000000	0.00000000000000000000									0	9000000000	Ces	0.00				2022-11-24 11:21:56.330635+00	\N	\N	\N	0		
126	4	Mango	Freeze				29	58	0	20.52	2		0	60	2		Offline	0.00000000000000000000	0.00000000000000000000	0.00000000000000000000	0.00000000000000000000	0.00000000000000000000									0	9000000000	Christine	0.00				2022-11-24 11:52:48.266041+00	\N	\N	\N	0		
127	4	Fries Solo	Snacks	Fries			25	25	0	17.58	1		0	25	0		Offline	0.00000000000000000000	0.00000000000000000000	0.00000000000000000000	0.00000000000000000000	0.00000000000000000000									0	9000000000	Joy	0.00				2022-11-24 12:10:18.250337+00	\N	\N	\N	0		
128	4	Red Velvet	Frappe		Reg		85	85	0	52.79	1		0	120	6		Offline	0.00000000000000000000	0.00000000000000000000	0.00000000000000000000	0.00000000000000000000	0.00000000000000000000									0	9000000000	Joy	0.00				2022-11-24 12:10:19.500352+00	\N	\N	\N	0		
129	4	Blueberry	Freeze				29	29	0	20.52	1		0	120	6		Offline	0.00000000000000000000	0.00000000000000000000	0.00000000000000000000	0.00000000000000000000	0.00000000000000000000									0	9000000000	Joy	0.00				2022-11-24 12:10:19.500567+00	\N	\N	\N	0		
130	4	Fries with Lemonade	Snacks	Fries			35	35	0	24.04	1		0	50	15		Offline	0.00000000000000000000	0.00000000000000000000	0.00000000000000000000	0.00000000000000000000	0.00000000000000000000									0	9000000000	Chris	0.00				2022-11-24 12:33:02.451829+00	\N	\N	\N	0		
131	4	Cookies and Cream	Frappe		Full		99	99	0	66.19	1		0	100	1		Offline	0.00000000000000000000	0.00000000000000000000	0.00000000000000000000	0.00000000000000000000	0.00000000000000000000									0	9000000000	Boi	0.00				2022-11-24 12:47:03.329861+00	\N	\N	\N	0		
132	4						0	0	0	0.00	0		0	0	0		Offline	0.00000000000000000000	0.00000000000000000000	0.00000000000000000000	0.00000000000000000000	0.00000000000000000000									0	9000000000		1000.00	\N			2022-11-24 14:33:55.573686+00	2	\N	\N	0		
133	4						0	0	0	0.00	0		0	0	0		Offline	0.00000000000000000000	0.00000000000000000000	0.00000000000000000000	0.00000000000000000000	0.00000000000000000000									0	9000000000		1925.00	\N			2022-11-24 14:34:30.292079+00	1	\N	6	0		
134	4	Strawberry	Freeze				29	29	0	20.52	1		0	50	21		Offline	0.00000000000000000000	0.00000000000000000000	0.00000000000000000000	0.00000000000000000000	0.00000000000000000000									0	9000000000	Chloe	0.00				2022-11-25 07:53:58.269955+00	\N	\N	\N	0		
135	4	Blueberry	Freeze				29	29	0	20.52	1		0	100	71		Offline	0.00000000000000000000	0.00000000000000000000	0.00000000000000000000	0.00000000000000000000	0.00000000000000000000									0	9000000000	Nicole	0.00				2022-11-25 08:09:38.858934+00	\N	\N	\N	0		
136	4	Strawberry	Freeze				29	29	0	20.52	1		0	40	11		Offline	0.00000000000000000000	0.00000000000000000000	0.00000000000000000000	0.00000000000000000000	0.00000000000000000000									0	9000000000	Nicole	0.00				2022-11-25 08:09:38.85917+00	\N	\N	\N	0		
137	4	Fries Solo	Snacks	Fries			25	25	0	17.58	1		0	50	25		Offline	0.00000000000000000000	0.00000000000000000000	0.00000000000000000000	0.00000000000000000000	0.00000000000000000000									0	9000000000	Chloe	0.00				2022-11-25 08:09:45.24723+00	\N	\N	\N	0		
139	4	Fries Solo	Snacks	Fries			25	50	0	17.58	2		0	85	0		Offline	0.00000000000000000000	0.00000000000000000000	0.00000000000000000000	0.00000000000000000000	0.00000000000000000000									0	9000000000	Tita lyn	0.00				2022-11-25 08:54:48.874956+00	\N	\N	\N	0		
140	4	Shawarma	Snacks	Shawarma			49	49	0	33.05	1		0	50	1		Offline	0.00000000000000000000	0.00000000000000000000	0.00000000000000000000	0.00000000000000000000	0.00000000000000000000									0	9000000000	Girl	0.00				2022-11-25 09:38:41.218184+00	\N	\N	\N	0		
141	4	Fries with Lemonade	Snacks	Fries			35	35	0	24.04	1		0	35	0		Offline	0.00000000000000000000	0.00000000000000000000	0.00000000000000000000	0.00000000000000000000	0.00000000000000000000									0	9000000000	Chris	0.00				2022-11-25 09:38:41.218409+00	\N	\N	\N	0		
106	4	DeliveryFee	DeliveryFee	DeliveryFee	\N	\N	0	0	159	0.00	1	\N	0	159	0	COD	Online	15.40349987872165200000	120.60749547950829000000	\N	15.40349987872165200000	120.60749547950829000000	Tarlac	Concepcion	San Agustin(Murcia)	Purok Tobias	159	Order ang pogi	00:00pm	Now	\N	9770120167	Kim Jasper De Guzman	0.00	\N		\N	2022-11-22 09:40:11+00	\N	\N	\N	0	\N	\N
18	1	Cookies and Cream	Frappe	Pizza	Full	\N	100	115	125	70.00	1	Tapioca	1	150	25	COD	Online	15.40349987872165200000	120.60749547950829000000	\N	15.40349987872165200000	120.60749547950829000000	Tarlac	Concepcion	San Agustin(Murcia)	Tobias	903	asdd	00:00pm	Now	10	9770120167	Kim Jasper De Guzman	0.00	\N		edwFBkp54oCe6CrsgRzH-2:APA91bH5U6nmDZjkeGsI20zVhERwPwMivjgrslyhfpT-64YcwLOYr1VUGUE8tLOB0b4t4fzfCxwi1gGunxjTx2ptnlfRbypWriP62MqnHPRa1kwXAeQwHFx2LBgR2z8lu0gXY4tOt0Ph	2022-11-10 01:27:46+00	\N	\N	\N	0	\N	\N
45	4	DeliveryFee	DeliveryFee	DeliveryFee	\N	\N	0	0	0	0.00	1	\N	0	159	159	Pickup	Online	15.40349987872165200000	120.60749547950829000000	\N	15.40349987872165200000	120.60749547950829000000	Tarlac	\N	\N	\N	\N	\N	00:00pm	Now	\N	9770120167	Kim Jasper De Guzman	0.00	\N		chcJGbIfs_6KjdjLu2FE66:APA91bGviQjj9fZp61TzHuL9RzLs0EEGOp7oux0brmjC4-PZqmSg7IQzEwH_4p7dvoTkoN9eJ3dloNVVh9kc7cHVGfnQnc8G0d6GjAx42NpbmGemiw4k-b_sZs64lCGgplbhzZibG7Hx	2022-11-14 06:14:10+00	\N	\N	\N	0	\N	\N
107	4	Cheesy Spinach	Snacks	Pizza	\N	Barkada(10")	159	159	159	105.02	1	\N	0	159	0	COD	Online	15.40349987872165200000	120.60749547950829000000	\N	15.40349987872165200000	120.60749547950829000000	Tarlac	Concepcion	San Agustin(Murcia)	Purok Tobias	159	Order ang pogi	00:00pm	Now	\N	9770120167	Kim Jasper De Guzman	0.00	\N		\N	2022-11-22 09:40:11+00	\N	\N	\N	0	\N	\N
157	4	DeliveryFee	DeliveryFee	DeliveryFee	\N	\N	0	0	0	0.00	1	\N	0	189	189	Pickup	Online	15.60420000000000051443	120.60160000000000479758	1.00000000000000000000	\N	\N	Tarlac	\N	\N	\N	\N	\N	00:00pm	Now	\N	9770120167	Kim Jasper De Guzman	0.00			\N	2022-11-26 10:13:10.844193+00	\N	\N	\N	0	\N	
158	4	Cheesy Spinach	Snacks	Pizza	\N	Pamilya(12")	189	189	0	125.27	1	\N	0	189	189	Pickup	Online	15.60420000000000000000	120.60160000000000000000	1.00000000000000000000	\N	\N	Tarlac	\N	\N	\N	\N	\N	00:00pm	Now	\N	9770120167	Kim Jasper De Guzman	0.00			\N	2022-11-26 10:13:10.844193+00	\N	\N	\N	0	\N	
159	4	DeliveryFee	DeliveryFee	DeliveryFee	\N	\N	0	0	0	0.00	1	\N	0	500	500	Pickup	Online	\N	\N	\N	\N	\N	Tarlac	\N	\N	\N	\N	\N	00:00pm	Now	\N	9150025678	Louiver Vargas	0.00			\N	2022-11-26 12:25:25.795239+00	\N	\N	\N	0	\N	
160	4	Hawaiian	Snacks	Pizza	\N	Pamilya(12")	235	470	0	157.31	2	\N	0	500	500	Pickup	Online	\N	\N	\N	\N	\N	Tarlac	\N	\N	\N	\N	\N	00:00pm	Now	\N	9150025678	Louiver Vargas	0.00			\N	2022-11-26 12:25:25.795239+00	\N	\N	\N	0	\N	
161	4	Fries with Lemonade	Snacks	Fries			35	35	0	24.04	1		0	35	0		Offline	0.00000000000000000000	0.00000000000000000000	0.00000000000000000000	0.00000000000000000000	0.00000000000000000000									0	9000000000	Chris	0.00				2022-11-26 13:20:44.336865+00	\N	\N	\N	0		
162	4	Fries with Lemonade	Snacks	Fries			35	70	0	24.04	2		0	70	0		Offline	0.00000000000000000000	0.00000000000000000000	0.00000000000000000000	0.00000000000000000000	0.00000000000000000000									0	9000000000	Cristine	0.00				2022-11-27 08:06:42.297381+00	\N	\N	\N	0		
163	4	Fries Barkada	Snacks	Fries			75	75	0	49.87	1		0	75	0		Offline	0.00000000000000000000	0.00000000000000000000	0.00000000000000000000	0.00000000000000000000	0.00000000000000000000									0	9000000000	Amber	0.00				2022-11-27 08:06:42.297617+00	\N	\N	\N	0		
164	4	Green Apple	Freeze				29	29	0	20.52	1		0	29	0		Offline	0.00000000000000000000	0.00000000000000000000	0.00000000000000000000	0.00000000000000000000	0.00000000000000000000									0	9000000000	Girl	0.00				2022-11-27 08:25:11.172959+00	\N	\N	\N	0		
165	4	Shawarma	Snacks	Shawarma			49	49	0	33.05	1		0	49	0		Offline	0.00000000000000000000	0.00000000000000000000	0.00000000000000000000	0.00000000000000000000	0.00000000000000000000									0	9000000000	Malagu	0.00				2022-11-27 08:42:11.66785+00	\N	\N	\N	0		
166	4	Fries with Lemonade	Snacks	Fries			35	70	0	24.04	2		0	70	0		Offline	0.00000000000000000000	0.00000000000000000000	0.00000000000000000000	0.00000000000000000000	0.00000000000000000000									0	9000000000	Prince	0.00				2022-11-27 09:11:38.959313+00	\N	\N	\N	0		
167	4	DeliveryFee	DeliveryFee	DeliveryFee	\N	\N	0	0	0	0.00	1	\N	0	70	70	Pickup	Online	\N	\N	\N	\N	\N	Tarlac	\N	\N	\N	\N	\N	00:00pm	Now	\N	9276173094	Guiwa Limjuco	0.00			\N	2022-11-27 11:02:06.232175+00	\N	\N	\N	0	\N	
168	4	Fries with Lemonade	Snacks	Fries	\N	\N	35	70	0	24.04	2	\N	0	70	70	Pickup	Online	\N	\N	\N	\N	\N	Tarlac	\N	\N	\N	\N	\N	00:00pm	Now	\N	9276173094	Guiwa Limjuco	0.00			\N	2022-11-27 11:02:06.232175+00	\N	\N	\N	0	\N	
169	4	Fries with Lemonade	Snacks	Fries			35	35	0	24.04	1		0	35	0		Offline	0.00000000000000000000	0.00000000000000000000	0.00000000000000000000	0.00000000000000000000	0.00000000000000000000									0	9000000000	Chri	0.00				2022-11-27 11:04:11.404056+00	\N	\N	\N	0		
170	4	DeliveryFee	DeliveryFee	DeliveryFee	\N	\N	0	0	0	0.00	1	\N	0	378	378	Pickup	Online	\N	\N	\N	\N	\N	Tarlac	\N	\N	\N	\N	\N	00:00pm	Now	\N	9079904713	Ramonita De Guzman	0.00			\N	2022-11-27 08:24:22.212016+00	\N	\N	\N	0	\N	
171	4	Hawaiian	Snacks	Pizza	\N	Barkada(10")	189	378	0	122.25	2	\N	0	378	378	Pickup	Online	\N	\N	\N	\N	\N	Tarlac	\N	\N	\N	\N	\N	00:00pm	Now	\N	9079904713	Ramonita De Guzman	0.00			\N	2022-11-27 08:24:22.212016+00	\N	\N	\N	0	\N	
172	4	Fries with Lemonade	Snacks	Fries			35	35	0	24.04	1		0	35	0		Offline	0.00000000000000000000	0.00000000000000000000	0.00000000000000000000	0.00000000000000000000	0.00000000000000000000									0	9000000000	Girl	0.00				2022-11-27 11:33:42.046669+00	\N	\N	\N	0		
173	4	DeliveryFee	DeliveryFee	DeliveryFee	\N	\N	0	0	0	0.00	1	\N	0	75	75	Pickup	Online	15.40359529999999921301	120.60759769999999946322	20.00000000000000000000	\N	\N	Tarlac	\N	\N	\N	\N	\N	00:00pm	Now	\N	9610415018	Maryjoy Macapinlac 	0.00			\N	2022-11-27 11:33:34.19162+00	\N	\N	\N	0	\N	
174	4	Fries Barkada	Snacks	Fries	\N	\N	75	75	0	49.87	1	\N	0	75	75	Pickup	Online	15.40359530000000000000	120.60759770000000000000	20.00000000000000000000	\N	\N	Tarlac	\N	\N	\N	\N	\N	00:00pm	Now	\N	9610415018	Maryjoy Macapinlac 	0.00			\N	2022-11-27 11:33:34.19162+00	\N	\N	\N	0	\N	
184	4	Mango Cheesecake	Frappe		Reg		89	89	0	59.34	1		0	89	0		Offline	0.00000000000000000000	0.00000000000000000000	0.00000000000000000000	0.00000000000000000000	0.00000000000000000000									0	9000000000	Titaann	0.00				2022-11-28 09:20:32.172219+00	\N	\N	\N	0		
185	4	Blueberry	Freeze				29	29	0	20.52	1		0	100	13		Offline	0.00000000000000000000	0.00000000000000000000	0.00000000000000000000	0.00000000000000000000	0.00000000000000000000									0	9000000000	Nicole	0.00				2022-11-28 09:32:53.880909+00	\N	\N	\N	0		
186	4	Strawberry	Freeze				29	58	0	20.52	2		0	100	13		Offline	0.00000000000000000000	0.00000000000000000000	0.00000000000000000000	0.00000000000000000000	0.00000000000000000000									0	9000000000	Nicole	0.00				2022-11-28 09:32:53.881118+00	\N	\N	\N	0		
181	4	Blueberry	Freeze				29	58	0	20.52	2		0	58	0		Offline	0.00000000000000000000	0.00000000000000000000	0.00000000000000000000	0.00000000000000000000	0.00000000000000000000									0	9000000000	Aldred	0.00				2022-11-27 12:16:38.084037+00	\N	\N	\N	0		
182	4	Blueberry	Freeze				29	58	0	20.52	2		0	137	0		Offline	0.00000000000000000000	0.00000000000000000000	0.00000000000000000000	0.00000000000000000000	0.00000000000000000000									0	9000000000	137	0.00				2022-11-28 06:03:09.936385+00	\N	\N	\N	0		
183	4	Wintermelon	Milktea		Reg		79	79	0	50.04	1		0	137	0		Offline	0.00000000000000000000	0.00000000000000000000	0.00000000000000000000	0.00000000000000000000	0.00000000000000000000									0	9000000000	137	0.00				2022-11-28 06:03:09.936717+00	\N	\N	\N	0		
187	4	Shawarma	Snacks	Shawarma			49	49	0	33.05	1		0	49	0		Offline	0.00000000000000000000	0.00000000000000000000	0.00000000000000000000	0.00000000000000000000	0.00000000000000000000									0	9000000000	Girl	0.00				2022-11-28 10:17:52.758475+00	\N	\N	\N	0		
188	4	Fries Barkada	Snacks	Fries			75	75	0	49.87	1		0	150	0		Offline	0.00000000000000000000	0.00000000000000000000	0.00000000000000000000	0.00000000000000000000	0.00000000000000000000									0	9000000000	Tit9	0.00				2022-11-28 10:19:41.334771+00	\N	\N	\N	0		
189	4	Fries Barkada	Snacks	Fries			75	75	0	49.87	1		0	150	0		Offline	0.00000000000000000000	0.00000000000000000000	0.00000000000000000000	0.00000000000000000000	0.00000000000000000000									0	9000000000	Tit9	0.00				2022-11-28 10:19:41.334983+00	\N	\N	\N	0		
\.


--
-- Data for Name: AutomationApp_sizes; Type: TABLE DATA; Schema: public; Owner: -
--

COPY public."AutomationApp_sizes" (id, "Sizechoices") FROM stdin;
1	Reg
2	Full
3	Small
\.


--
-- Data for Name: AutomationApp_subcategories; Type: TABLE DATA; Schema: public; Owner: -
--

COPY public."AutomationApp_subcategories" (id, "Subcategorychoices") FROM stdin;
1	Pizza
2	Fries
3	Shawarma
4	Cookies
5	Bubble Waffle
\.


--
-- Data for Name: AutomationApp_submitstockorder; Type: TABLE DATA; Schema: public; Owner: -
--

COPY public."AutomationApp_submitstockorder" (id, "user", productname, "Category", "Price", "Subtotal", "Cost", "Qty", "CusName", "DeliveryAddress", "ShippingFee", contactnumber, "DateTime") FROM stdin;
\.


--
-- Data for Name: AutomationApp_timesheet; Type: TABLE DATA; Schema: public; Owner: -
--

COPY public."AutomationApp_timesheet" (id, "Admin", "Employeename", "Day", "Timein", "Timeout", "Totalmins", "Productimg", "Sales", "Identifybonus", "ASLbalance", "ISalary", "FSalary", "DateTime") FROM stdin;
\.


--
-- Data for Name: AutomationApp_user1; Type: TABLE DATA; Schema: public; Owner: -
--

COPY public."AutomationApp_user1" (id, productname, "Price", "Cost", "Qty", "Promo", "Category_id", "PSize_id", "Size_id", "Subcategory_id", user_id, "PDescription") FROM stdin;
11	Darkchoco	100	65.00	1		1	\N	2	\N	1	
12	Darkchoco	75	60.00	1		1	\N	1	\N	1	
13	Darkchoco	65	50.00	1		1	\N	3	\N	1	
14	Darkchoco	110	85.00	1		2	\N	2	\N	1	
15	Darkchoco	100	75.00	1		2	\N	1	\N	1	
16	Green Apple	29	20.00	1		3	\N	\N	\N	1	
17	Mango	29	20.00	1		3	\N	\N	\N	1	
18	Strawberry	29	20.00	1		3	\N	\N	\N	1	
19	Blueberry	29	20.00	1		3	\N	\N	\N	1	
20	Shawarma	49	35.00	1		4	\N	\N	3	1	
23	Fries	20	18.00	1		4	\N	\N	2	1	
24	Fries with Lemonade	29	19.00	1		4	\N	\N	2	1	
25	Hawaiian	249	190.00	1		4	2	\N	1	1	
26	Hawaiian	230	200.00	1		4	1	\N	1	1	
27	Pepperoni	230	200.00	1		4	2	\N	1	1	
29	Cheesy Spinach	180	130.00	1		4	2	\N	1	1	
30	Cheesy Spinach	160	120.00	1		4	1	\N	1	1	
31	Pepperoni	180	100.00	1		4	1	\N	1	1	
102	Cappuccino Caramel Macchiato	100	65.00	1		1	\N	2	\N	1	
103	Cappuccino Caramel Macchiato	90	40.00	1		1	\N	1	\N	1	
104	Cappuccino Caramel Macchiato	70	35.00	1		1	\N	3	\N	1	
105	Chocomalt	100	70.00	1		1	\N	2	\N	1	
106	Chocomalt	90	70.00	1		1	\N	1	\N	1	
107	Chocomalt	80	60.00	1		1	\N	3	\N	1	
108	Choco Oreo	100	70.00	1		1	\N	2	\N	1	
109	Choco Oreo	90	60.00	1		1	\N	1	\N	1	
110	Choco Oreo	90	60.00	1		1	\N	1	\N	1	
111	Choco Oreo	80	50.00	1		1	\N	3	\N	1	
112	Double Dutch	100	70.00	1		1	\N	2	\N	1	
113	Double Dutch	90	60.00	1		1	\N	1	\N	1	
94	Blueberry	29	20.52	1		3	\N	\N	\N	4	Hey, Hustler: <br><br> Are you looking for a way to relax and chill? Look no further. <br><br> We have just the thing for you: our Blueberry Freeze! It's fruity, it's zesty, and it will put you right in the mood for a relaxing. <br><br> it's made of Lemon lime soda, sweetener and fruit jam
87	Fries Barkada	75	49.87	1		4	\N	\N	2	4	The barkada cheese fries are a tasty snack to enjoy with a friend! a cheese-flavored potato that has been deep-fried. <br><br>A Perfectsnack for you and your friend
69	Strawberry Cheesecake	99	67.97	1		2	\N	2	\N	4	Strawberry cheesecake Frappe is perfect for you to lighten up your mood <BR><BR> Our strawberry cheesecake Frappe is a delightful, rich drink. Real black tea, non-dairy creamer, strawberry jam, sugar, nata de coco, and whipped cream are used to make this frapp. <BR><BR>  Adrink that is undoubtedly satisfying
77	Mocha	89	60.00	1		2	\N	2	\N	4	Mocha Frappe your energy-boosting beverage. <br><br>Made with brewed coffee, non-dairy creamer, mocha flavor, sweetener, chocolate syrup, chocolate sprinkles, nata de coco, and whipped cream. It tastes great and gives you the energy you need to get through the day.
45	Choco Oreo	79	48.92	1		1	\N	1	\N	4	You'll feel as though you're getting a jolt of energy and mental clarity from the chocolate oreo milk tea.<br><br>Made with authenticblack tea, non-dairy creamer, chocolate oreo flavor, sweetener, tapioca pearls, and cream puff.
44	Salted Caramel	89	51.47	1		1	\N	2	\N	4	This Salted Caramel Milktea is perfect for hustlers.  <br><br> Made with authentic black tea, creamer, and salted caramel flavor, it's sure to satisfy you. And the Tapioca pearls add a fun, chewy texture that makes this drink even more enjoyable. So go ahead and treat yourself to a delicious cup of Salted Caramel Milktea. You deserve it!
43	Salted Caramel	79	44.63	1		1	\N	1	\N	4	This Salted Caramel Milktea is perfect for hustlers.  <br><br> Made with authentic black tea, creamer, and salted caramel flavor, it's sure to satisfy you. And the Tapioca pearls add a fun, chewy texture that makes this drink even more enjoyable. So go ahead and treat yourself to a delicious cup of Salted Caramel Milktea. You deserve it!
40	Wintermelon	79	50.04	1		1	\N	1	\N	4	This delicious Wintermelon Milktea is the perfect drink to help you hustle through your day!  <br><br> Made with authentic black tea,non-dairy creamer, Winter melon syrup, and Tapioca pearls, this drink is sure to give you the boost you need to get things done.
57	Double Dutch	89	56.68	1		1	\N	2	\N	4	Double Dutch Frappe your energy booster drink <br><br> Made with Brewed coffee, non-dairy creamer, double dutch flavor, sweetener, chocolate syrup, marshmallows, cashew nuts, nata de coco and whipped cream. <br><br> It tastes fantastic and gives you the mental push you need to get through the day.
76	Mocha	79	51.47	1		2	\N	1	\N	4	Mocha Frappe your energy-boosting beverage. <br><br>Made with brewed coffee, non-dairy creamer, mocha flavor, sweetener, chocolate syrup, chocolate sprinkles, nata de coco, and whipped cream. It tastes great and gives you the energy you need to get through the day.
66	Red Velvet	85	52.79	1		2	\N	1	\N	4	Our delicious Red Velvet Frappe is made with real black tea, non-dairy creamer, red velvet flavor, sweetener, cream puff, nata de coco and topped with whipped cream. <br><br>It's the perfect drink for the hustler on the go!
114	Double Dutch	80	50.00	1		1	\N	3	\N	1	
115	Hokkaido	100	70.00	1		1	\N	2	\N	1	
116	Hokkaido	90	60.00	1		1	\N	1	\N	1	
117	Hokkaido	80	50.00	1		1	\N	3	\N	1	
118	Premium Matcha	100	70.00	1		1	\N	2	\N	1	
119	Premium Matcha	90	60.00	1		1	\N	1	\N	1	
120	Premium Matcha	80	50.00	1		1	\N	3	\N	1	
121	Okinawa	100	70.00	1		1	\N	2	\N	1	
122	Okinawa	90	60.00	1		1	\N	1	\N	1	
123	Okinawa	80	50.00	1		1	\N	3	\N	1	
124	Salted Caramel	100	70.00	1		1	\N	2	\N	1	
125	Salted Caramel	90	60.00	1		1	\N	1	\N	1	
126	Salted Caramel	80	50.00	1		1	\N	3	\N	1	
127	Wintermelon	100	70.00	1		1	\N	2	\N	1	
128	Wintermelon	90	60.00	1		1	\N	1	\N	1	
129	Wintermelon	80	50.00	1		1	\N	3	\N	1	
130	Matcha	100	70.00	1		2	\N	2	\N	1	
131	Matcha	90	60.00	1		2	\N	1	\N	1	
132	Cookies and Cream	100	70.00	1		2	\N	2	\N	1	
133	Cookies and Cream	90	60.00	1		2	\N	1	\N	1	
134	Javachips	100	70.00	1		2	\N	2	\N	1	
135	Javachips	90	60.00	1		2	\N	1	\N	1	
136	Red Velvet	100	70.00	1		2	\N	2	\N	1	
137	Red Velvet	90	60.00	1		2	\N	1	\N	1	
138	Mango Cheesecake	100	70.00	1		2	\N	2	\N	1	
139	Mango Cheesecake	90	60.00	1		2	\N	1	\N	1	
140	Mango Grahams	100	70.00	1		2	\N	2	\N	1	
141	Mango Grahams	90	60.00	1		2	\N	1	\N	1	
142	Mocha	100	70.00	1		2	\N	2	\N	1	
143	Mocha	90	60.00	1		2	\N	1	\N	1	
144	Double Dutch	100	70.00	1		1	\N	2	\N	1	Njsjjsjshajajjahahqhqhhqhqhqhqhw
145	Double Dutch	80	50.00	1		1	\N	1	\N	1	asdasaaaasddddddddddddddddddsssssssssssss
164	Pepperoni	179	118.62	1		4	1	\N	1	4	Our delicious pepperoni pizza is made with only the best ingredients: dough, special sauce, mozzarella cheese, easy melt cheese and pepperoni. <br><br>  Now you can satisfy your taste buds without having to leave the comfort of your home or office. Just order and get ready for some yummy pizza any time you want it!
163	Hawaiian	235	157.31	1		4	2	\N	1	4	Only the best ingredients are used to make KGD Hawaiian pizza, including bacon, pineapple, mozzarella cheese, easy melt cheese, and special pizza sauce. <br>< his crowd-pleasing pizza dish is placeon asuperb pizza dough and is finished with a bacon garnish. It offers a wonderful balance of cheesy and salty. Place an order immediately!
156	Mango Grahams	89	58.35	1		2	\N	1	\N	4	Mango Graham Frappe It's made with real black tea, non-dairy creamer, mango jam, sweetener, graham crackers, nata de coco and topped with whipped cream.
155	Javachips	89	58.62	1		2	\N	2	\N	4	Java chips Frappe is a delicious way to give your day a boost! <br><br>With the ingredients of brewed coffee, non-dairy creamer, java chips flavor, sweetener, chocolate syrup, chocolate chips, nata de coco, and topped with whipped cream.
160	Green Apple	29	20.52	1		3	\N	\N	\N	4	Green Apple Freeze is a refreshing and fruity treat. A perfect way to cool off on a hot day!  It's packed with all the goodness of lemon lime soda, sweetener and fruit jam. You can't go wrong with this one!
158	Matcha	95	62.82	1		2	\N	1	\N	4	A matcha frapp is a fantastic way to increase your energy and focus. Made with authentic black tea, non-dairycreamer, Matcha flavor, sweetener, nata de coco,cream puffs, and whipped cream on top.<br><br> Try this tasty beverage right away. It's certainly worth a go!
161	Shawarma	49	33.05	1		4	\N	\N	3	4	Beef Shawarma is a healthy snack that's packed with flavor. <br><br> It's packed with the ingredients of pita bread, special beef, cabbage, onion, tomato, cucumber, special mayo and cheese all of which make it taste great! <br><br> What are you waiting for? Order your Beef Shawarma today!
154	Javachips	79	52.09	1		2	\N	1	\N	4	Java chips Frappe is a delicious way to give your day a boost! <br><br>With the ingredients of brewed coffee, non-dairy creamer, java chips flavor, sweetener, chocolate syrup, chocolate chips, nata de coco, and topped with whipped cream.
150	Blueberry Cheesecake	89	59.35	1		2	\N	1	\N	4	We know you're up for a good time, but this one's too good to miss! <br><br> Our blueberry cheesecake Frappe a rich, creamy, and delicious. This Frappe is made with Real black tea, non-dairy creamer, cheese cake flavor, blueberry jam, sweetener, nata de coco and topped with whipped cream.
159	Matcha	109	73.07	1		2	\N	2	\N	4	A matcha frapp is a fantastic way to increase your energy and focus. Made with authentic black tea, non-dairycreamer, Matcha flavor, sweetener, nata de coco,cream puffs, and whipped cream on top.<br><br> Try this tasty beverage right away. It's certainly worth a go!
157	Mango Grahams	99	66.94	1		2	\N	2	\N	4	Mango Graham Frappe It's made with real black tea, non-dairy creamer, mango jam, sweetener, graham crackers, nata de coco and topped with whipped cream.
174	Nata	10	3.22	1		5	\N	\N	\N	4	Coconut Gel, popularly known as "Nata De Coco," is a chewy, translucent, jelly-like food made by fermenting coconut water.
173	Tapioca	15	5.52	1		5	\N	\N	\N	4	The delicious translucent spheres known as tapioca pearls or tapioca balls are created from tapioca, a starch extracted from the cassava root. They were first used in Southeast Asian cuisine as a less expensive substitute for sago. They are most frequently referred to as pearls or boba when used as a component of bubble tea.
165	Pepperoni	229	153.59	1		4	2	\N	1	4	Our delicious pepperoni pizza is made with only the best ingredients: dough, special sauce, mozzarella cheese, easy melt cheese and pepperoni. <br><br>  Now you can satisfy your taste buds without having to leave the comfort of your home or office. Just order and get ready for some yummy pizza any time you want it!
162	Hawaiian	189	122.25	1		4	1	\N	1	4	Only the best ingredients are used to make KGD Hawaiian pizza, including bacon, pineapple, mozzarella cheese, easy melt cheese, and special pizza sauce. <br>< his crowd-pleasing pizza dish is placeon asuperb pizza dough and is finished with a bacon garnish. It offers a wonderful balance of cheesy and salty. Place an order immediately!
92	Strawberry	29	20.52	1		3	\N	\N	\N	4	A delicious way to relax and chill!  <br><br>Try our Strawberry Freeze with the ingredients of lemon lime soda, sweetener, and Strawberry jam. It's fruity flavor will leave you relaxed and refreshed.
73	Mango Cheesecake	99	67.97	1		2	\N	2	\N	4	We know you're in the mood for something tasty, and so Mango Cheesecake Frappe is perfect.<br><br> Athick, creamy, and delectable mango cheesecake frappe. Made with Real black tea, non-dairy creamer, cheesecake flavor, mango jam, sweetener, nata de coco, and whipped cream.
146	Cappuccino Caramel Macchiato	79	46.42	1		1	\N	1	\N	4	Cappuccino Caramel Macchiato Milktea is made with the real black tea, non-dairy creamer, sweetener, tapioca pearls, and caramel syrup. <br><br>Prepare yourself for a smooth day Hustler!
98	Cheesy Spinach	189	125.27	1		4	2	\N	1	4	Take a break hustler! <br><br> here's something you can count on your break the KGD Cheesy spinach pizza. <br><br>the ingredients of the cheesy spinach pizza includes spinach, mozzarella cheese, special pizza sauce, thin crust dough, and easy melt cheese. It's the ideal indulgence for your break!
97	Cheesy Spinach	159	105.02	1		4	1	\N	1	4	Take a break hustler! <br><br> here's something you can count on your break the KGD Cheesy spinach pizza. <br><br>the ingredients of the cheesy spinach pizza includes spinach, mozzarella cheese, special pizza sauce, thin crust dough, and easy melt cheese. It's the ideal indulgence for your break!
91	Mango	29	20.52	1		3	\N	\N	\N	4	Mango Freeze is like a tropical vacation in your mouth! It's fruity and it's sweet. <br><br> This drink is just what you need to relax and chill out. <br><br> It's made of Lemon lime, sweetener, and mango jam
89	Fries with Lemonade	35	24.04	1		4	\N	\N	2	4	Fries with Lemonade made with Potato fries with cheese powder and lemonade juice.  <br><br>It's the perfect way to unwind after a long day, or just hang out with your friends! It's a great way to relax and chill out.
88	Fries Pamilya	125	81.98	1		4	\N	\N	2	4	The Pamilya Cheese Fries is the ideal snack to enjoy with your family. <br><br>It is prepared with deep-fried potatoes and cheese, one of our all-time favorites, and is sure to please everyone.
82	Double Dutch	89	60.77	1		2	\N	2	\N	4	Double Dutch Frappe your energy booster drink <br><br> Made with Brewed coffee, non-dairy creamer, double dutch flavor, sweetener, chocolate syrup, marshmallows, cashew nuts, nata de coco and whipped cream. <br><br> It tastes fantastic and gives you the mental push you need to get through the day.
151	Blueberry Cheesecake	99	67.98	1		2	\N	2	\N	4	We know you're up for a good time, but this one's too good to miss! <br><br> Our blueberry cheesecake Frappe a rich, creamy, and delicious. This Frappe is made with Real black tea, non-dairy creamer, cheese cake flavor, blueberry jam, sweetener, nata de coco and topped with whipped cream.
153	Darkchoco	89	60.38	1		2	\N	2	\N	4	Here's a little something to help you get through the day. We've got our Dark Choco Frappe with the ingredients of brewed coffee, non-dairy creamer, dark Choco flavor, sweetener, chocolate syrup, nata de coco, and topped with whipped cream. <br><br> It's got everything you need to be your best selfenergy booster! mental booster!
152	Darkchoco	79	50.86	1		2	\N	1	\N	4	Here's a little something to help you get through the day. We've got our Dark Choco Frappe with the ingredients of brewed coffee, non-dairy creamer, dark Choco flavor, sweetener, chocolate syrup, nata de coco, and topped with whipped cream. <br><br> It's got everything you need to be your best selfenergy booster! mental booster!
149	Darkchoco	89	60.18	1		1	\N	2	\N	4	It's time to get your choco on! <br><br> With the Dark Choco Milktea, you'll feel like you're getting a shot of energy and mental boost. It's made with real black tea, non-dairy creamer, dark choco flavor, sweetener, tapioca pearl and cream puff.
148	Darkchoco	79	50.42	1		1	\N	1	\N	4	It's time to get your choco on! <br><br> With the Dark Choco Milktea, you'll feel like you're getting a shot of energy and mental boost. It's made with real black tea, non-dairy creamer, dark choco flavor, sweetener, tapioca pearl and cream puff.
56	Double Dutch	79	48.42	1		1	\N	1	\N	4	Hey, hustler! <br><br> Here's your next coffee drink. [product name] is made with Brewed coffee, non-dairy creamer, double dutch flavor, sweetener, chocolate syrup, choco sprinkles, nata de coco and whipped cream. <br><br> It's got all the mental boost you need to get you through the dayand it tastes amazing too!
55	Okinawa	99	56.68	1		1	\N	2	\N	4	It's time to get you on! <br><br> With the Okinawa Milktea, you'll feel like you're getting a shot of energy and mental clarity. It's made with real black tea, non-dairy creamer, Okinawa flavor, sweetener, tapioca pearl and cream puff.
54	Okinawa	89	46.42	1		1	\N	1	\N	4	It's time to get you on! <br><br> With the Okinawa Milktea, you'll feel like you're getting a shot of energy and mental clarity. It's made with real black tea, non-dairy creamer, Okinawa flavor, sweetener, tapioca pearl and cream puff.
49	Premium Matcha	95	62.92	1		1	\N	1	\N	4	Want something to energize you? <br><br>Here's the Matcha Milktea with Tapioca Pearl a great way to get your energy and mental boost.<br><br. Premium Matcha is made with real black tea, non-dairy creamer, Matcha flavor, sweetener, cream puff and Tapioca pearl.  Try it today. It's definitely worth a try!
46	Choco Oreo	89	58.60	1		1	\N	2	\N	4	You'll feel as though you're getting a jolt of energy and mental clarity from the chocolate oreo milk tea.<br><br>Made with authenticblack tea, non-dairy creamer, chocolate oreo flavor, sweetener, tapioca pearls, and cream puff.
176	Fries Solo	25	17.58	1		4	\N	\N	2	4	The solo cheese fries are a tasty snack to enjoy! a cheese-flavored potato that has been deep-fried.
32	Chocomalt	75	49.22	1		1	\N	1	\N	4	Looking for a delicious and energizing treat?  <br><br> Our Chocomalt Milktea is perfect for you! Made with authentic black tea, non-dairy creamer, and Choco malt flavor. <br><br> it's sure to wake you up and keep you going. Plus, the Tapioca pearls add a fun and chewy texture that's irresistible. So whether you're hustling at work or at play, this drink is sure to hit the spot.
79	Double Dutch	79	51.47	1		2	\N	1	\N	4	Double Dutch Frappe your energy booster drink <br><br> Made with Brewed coffee, non-dairy creamer, double dutch flavor, sweetener, chocolate syrup, marshmallows, cashew nuts, nata de coco and whipped cream. <br><br> It tastes fantastic and gives you the mental push you need to get through the day.
52	Hokkaido	85	50.42	1		1	\N	1	\N	4	Experience an energizing boost with the Hokkaido Milktea. <BR><BR> It is made with authentic black tea, non-dairycreamer, Hokkaido flavor, sweetener, tapioca pearls, and cream puffs.
33	Chocomalt	89	58.43	1		1	\N	2	\N	4	Looking for a delicious and energizing treat?  <br><br> Our Chocomalt Milktea is perfect for you! Made with authentic black tea, non-dairy creamer, and Choco malt flavor. <br><br> it's sure to wake you up and keep you going. Plus, the Tapioca pearls add a fun and chewy texture that's irresistible. So whether you're hustling at work or at play, this drink is sure to hit the spot.
147	Cappuccino Caramel Macchiato	89	56.68	1		1	\N	2	\N	4	Cappuccino Caramel Macchiato Milktea is made with the real black tea, non-dairy creamer, sweetener, tapioca pearls, and caramel syrup. <br><br>Prepare yourself for a smooth day Hustler!
72	Mango Cheesecake	89	59.34	1		2	\N	1	\N	4	We know you're in the mood for something tasty, and so Mango Cheesecake Frappe is perfect.<br><br> Athick, creamy, and delectable mango cheesecake frappe. Made with Real black tea, non-dairy creamer, cheesecake flavor, mango jam, sweetener, nata de coco, and whipped cream.
68	Strawberry Cheesecake	89	59.35	1		2	\N	1	\N	4	Strawberry cheesecake Frappe is perfect for you to lighten up your mood <BR><BR> Our strawberry cheesecake Frappe is a delightful, rich drink. Real black tea, non-dairy creamer, strawberry jam, sugar, nata de coco, and whipped cream are used to make this frapp. <BR><BR>  Adrink that is undoubtedly satisfying
61	Cookies and Cream	99	66.19	1		2	\N	2	\N	4	Cookies and cream frappe the perfect cup of creamygoodness.<br><br >Made with real black tea, non-dairy creamer, cream-puffs, oreo cookies, nata de coco, and whipped cream.
53	Hokkaido	95	61.68	1		1	\N	2	\N	4	Experience an energizing boost with the Hokkaido Milktea. <BR><BR> It is made with authentic black tea, non-dairycreamer, Hokkaido flavor, sweetener, tapioca pearls, and cream puffs.
50	Premium Matcha	105	68.68	1		1	\N	2	\N	4	Want something to energize you? <br><br>Here's the Matcha Milktea with Tapioca Pearl a great way to get your energy and mental boost.<br><br. Premium Matcha is made with real black tea, non-dairy creamer, Matcha flavor, sweetener, cream puff and Tapioca pearl.  Try it today. It's definitely worth a try!
42	Wintermelon	89	57.76	1		1	\N	2	\N	4	This delicious Wintermelon Milktea is the perfect drink to help you hustle through your day!  <br><br> Made with authentic black tea,non-dairy creamer, Winter melon syrup, and Tapioca pearls, this drink is sure to give you the boost you need to get things done.
179	Cookies and Cream	89	56.99	1		2	\N	1	\N	4	Cookies and cream frappe the perfect cup of creamygoodness.<br><br >Made with real black tea, non-dairy creamer, cream-puffs, oreo cookies, nata de coco, and whipped cream.
67	Red Velvet	95	68.50	1		2	\N	2	\N	4	Our delicious Red Velvet Frappe is made with real black tea, non-dairy creamer, red velvet flavor, sweetener, cream puff, nata de coco and topped with whipped cream. <br><br>It's the perfect drink for the hustler on the go!
198	Milktea Hokkaido with Free Fries	95	79.26	1	FreeFriesDay	6	\N	2	\N	4	Experience an energizing boost with the Hokkaido Milktea. <BR><BR> It is made with authentic black tea, non-dairycreamer, Hokkaido flavor, sweetener, tapioca pearls, and cream puffs.
193	Frappe Double Dutch with Free Fries	79	69.05	1	FreeFriesDay	6	\N	1	\N	4	Double Dutch Frappe your energy booster drink <br><br> Made with Brewed coffee, non-dairy creamer, double dutch flavor, sweetener, chocolate syrup, marshmallows, cashew nuts, nata de coco and whipped cream. <br><br> It tastes fantastic and gives you the mental push you need to get through the day.
192	Frappe Double Dutch with Free Fries	89	78.35	1	FreeFriesDay	6	\N	2	\N	4	Double Dutch Frappe your energy booster drink <br><br> Made with Brewed coffee, non-dairy creamer, double dutch flavor, sweetener, chocolate syrup, marshmallows, cashew nuts, nata de coco and whipped cream. <br><br> It tastes fantastic and gives you the mental push you need to get through the day.
195	Frappe Mocha with Free Fries	79	69.05	1	FreeFriesDay	6	\N	1	\N	4	Mocha Frappe your energy-boosting beverage. <br><br>Made with brewed coffee, non-dairy creamer, mocha flavor, sweetener, chocolate syrup, chocolate sprinkles, nata de coco, and whipped cream. It tastes great and gives you the energy you need to get through the day.
194	Frappe Mocha with Free Fries	89	77.58	1	FreeFriesDay	6	\N	2	\N	4	Mocha Frappe your energy-boosting beverage. <br><br>Made with brewed coffee, non-dairy creamer, mocha flavor, sweetener, chocolate syrup, chocolate sprinkles, nata de coco, and whipped cream. It tastes great and gives you the energy you need to get through the day.
199	Milktea Hokkaido with Free Fries	85	68.00	1	FreeFriesDay	6	\N	1	\N	4	Experience an energizing boost with the Hokkaido Milktea. <BR><BR> It is made with authentic black tea, non-dairycreamer, Hokkaido flavor, sweetener, tapioca pearls, and cream puffs.
200	Milktea Okinawa with Free Fries	99	75.00	1	FreeFriesDay	6	\N	2	\N	4	It's time to get you on! <br><br> With the Okinawa Milktea, you'll feel like you're getting a shot of energy and mental clarity. It's made with real black tea, non-dairy creamer, Okinawa flavor, sweetener, tapioca pearl and cream puff.
201	Milktea Okinawa with Free Fries	89	64.00	1	FreeFriesDay	6	\N	1	\N	4	It's time to get you on! <br><br> With the Okinawa Milktea, you'll feel like you're getting a shot of energy and mental clarity. It's made with real black tea, non-dairy creamer, Okinawa flavor, sweetener, tapioca pearl and cream puff.
202	Free Fries	0	17.58	1		4	\N	\N	2	4	Free Fries
196	Milktea Cappuccino Caramel Macchiato with Free Fries	89	74.26	1	FreeFriesDay	6	\N	2	\N	4	Cappuccino Caramel Macchiato Milktea is made with the real black tea, non-dairy creamer, sweetener, tapioca pearls, and caramel syrup. <br><br>Prepare yourself for a smooth day Hustler!
197	Milktea Cappuccino Caramel Macchiato with Free Fries	79	64.00	1	FreeFriesDay	6	\N	1	\N	4	Cappuccino Caramel Macchiato Milktea is made with the real black tea, non-dairy creamer, sweetener, tapioca pearls, and caramel syrup. <br><br>Prepare yourself for a smooth day Hustler!
\.


--
-- Data for Name: account_emailaddress; Type: TABLE DATA; Schema: public; Owner: -
--

COPY public.account_emailaddress (id, email, verified, "primary", user_id) FROM stdin;
\.


--
-- Data for Name: account_emailconfirmation; Type: TABLE DATA; Schema: public; Owner: -
--

COPY public.account_emailconfirmation (id, created, sent, key, email_address_id) FROM stdin;
\.


--
-- Data for Name: auth_group; Type: TABLE DATA; Schema: public; Owner: -
--

COPY public.auth_group (id, name) FROM stdin;
\.


--
-- Data for Name: auth_group_permissions; Type: TABLE DATA; Schema: public; Owner: -
--

COPY public.auth_group_permissions (id, group_id, permission_id) FROM stdin;
\.


--
-- Data for Name: auth_permission; Type: TABLE DATA; Schema: public; Owner: -
--

COPY public.auth_permission (id, name, content_type_id, codename) FROM stdin;
1	Can add log entry	1	add_logentry
2	Can change log entry	1	change_logentry
3	Can delete log entry	1	delete_logentry
4	Can view log entry	1	view_logentry
5	Can add permission	2	add_permission
6	Can change permission	2	change_permission
7	Can delete permission	2	delete_permission
8	Can view permission	2	view_permission
9	Can add group	3	add_group
10	Can change group	3	change_group
11	Can delete group	3	delete_group
12	Can view group	3	view_group
13	Can add user	4	add_user
14	Can change user	4	change_user
15	Can delete user	4	delete_user
16	Can view user	4	view_user
17	Can add content type	5	add_contenttype
18	Can change content type	5	change_contenttype
19	Can delete content type	5	delete_contenttype
20	Can view content type	5	view_contenttype
21	Can add session	6	add_session
22	Can change session	6	change_session
23	Can delete session	6	delete_session
24	Can view session	6	view_session
25	Can add categories	7	add_categories
26	Can change categories	7	change_categories
27	Can delete categories	7	delete_categories
28	Can view categories	7	view_categories
29	Can add p sizes	8	add_psizes
30	Can change p sizes	8	change_psizes
31	Can delete p sizes	8	delete_psizes
32	Can view p sizes	8	view_psizes
33	Can add sizes	9	add_sizes
34	Can change sizes	9	change_sizes
35	Can delete sizes	9	delete_sizes
36	Can view sizes	9	view_sizes
37	Can add subcategories	10	add_subcategories
38	Can change subcategories	10	change_subcategories
39	Can delete subcategories	10	delete_subcategories
40	Can view subcategories	10	view_subcategories
41	Can add user1	11	add_user1
42	Can change user1	11	change_user1
43	Can delete user1	11	delete_user1
44	Can view user1	11	view_user1
45	Can add acceptorder	12	add_acceptorder
46	Can change acceptorder	12	change_acceptorder
47	Can delete acceptorder	12	delete_acceptorder
48	Can view acceptorder	12	view_acceptorder
49	Can add acknowledgedstockorder	13	add_acknowledgedstockorder
50	Can change acknowledgedstockorder	13	change_acknowledgedstockorder
51	Can delete acknowledgedstockorder	13	delete_acknowledgedstockorder
52	Can view acknowledgedstockorder	13	view_acknowledgedstockorder
53	Can add customer	14	add_customer
54	Can change customer	14	change_customer
55	Can delete customer	14	delete_customer
56	Can view customer	14	view_customer
57	Can add dailysales	15	add_dailysales
58	Can change dailysales	15	change_dailysales
59	Can delete dailysales	15	delete_dailysales
60	Can view dailysales	15	view_dailysales
61	Can add punchedprod	16	add_punchedprod
62	Can change punchedprod	16	change_punchedprod
63	Can delete punchedprod	16	delete_punchedprod
64	Can view punchedprod	16	view_punchedprod
65	Can add punchedprodso	17	add_punchedprodso
66	Can change punchedprodso	17	change_punchedprodso
67	Can delete punchedprodso	17	delete_punchedprodso
68	Can view punchedprodso	17	view_punchedprodso
69	Can add queue1	18	add_queue1
70	Can change queue1	18	change_queue1
71	Can delete queue1	18	delete_queue1
72	Can view queue1	18	view_queue1
73	Can add queue2	19	add_queue2
74	Can change queue2	19	change_queue2
75	Can delete queue2	19	delete_queue2
76	Can view queue2	19	view_queue2
77	Can add queue3	20	add_queue3
78	Can change queue3	20	change_queue3
79	Can delete queue3	20	delete_queue3
80	Can view queue3	20	view_queue3
81	Can add rejectorder	21	add_rejectorder
82	Can change rejectorder	21	change_rejectorder
83	Can delete rejectorder	21	delete_rejectorder
84	Can view rejectorder	21	view_rejectorder
85	Can add saecat	22	add_saecat
86	Can change saecat	22	change_saecat
87	Can delete saecat	22	delete_saecat
88	Can view saecat	22	view_saecat
89	Can add saesubcate	23	add_saesubcate
90	Can change saesubcate	23	change_saesubcate
91	Can delete saesubcate	23	delete_saesubcate
92	Can view saesubcate	23	view_saesubcate
93	Can add saesubcats	24	add_saesubcats
94	Can change saesubcats	24	change_saesubcats
95	Can delete saesubcats	24	delete_saesubcats
96	Can view saesubcats	24	view_saesubcats
97	Can add submitstockorder	25	add_submitstockorder
98	Can change submitstockorder	25	change_submitstockorder
99	Can delete submitstockorder	25	delete_submitstockorder
100	Can view submitstockorder	25	view_submitstockorder
101	Can add timesheet	26	add_timesheet
102	Can change timesheet	26	change_timesheet
103	Can delete timesheet	26	delete_timesheet
104	Can view timesheet	26	view_timesheet
105	Can add sales	27	add_sales
106	Can change sales	27	change_sales
107	Can delete sales	27	delete_sales
108	Can view sales	27	view_sales
109	Can add email address	28	add_emailaddress
110	Can change email address	28	change_emailaddress
111	Can delete email address	28	delete_emailaddress
112	Can view email address	28	view_emailaddress
113	Can add email confirmation	29	add_emailconfirmation
114	Can change email confirmation	29	change_emailconfirmation
115	Can delete email confirmation	29	delete_emailconfirmation
116	Can view email confirmation	29	view_emailconfirmation
117	Can add social account	30	add_socialaccount
118	Can change social account	30	change_socialaccount
119	Can delete social account	30	delete_socialaccount
120	Can view social account	30	view_socialaccount
121	Can add social application	31	add_socialapp
122	Can change social application	31	change_socialapp
123	Can delete social application	31	delete_socialapp
124	Can view social application	31	view_socialapp
125	Can add social application token	32	add_socialtoken
126	Can change social application token	32	change_socialtoken
127	Can delete social application token	32	delete_socialtoken
128	Can view social application token	32	view_socialtoken
129	Can add site	33	add_site
130	Can change site	33	change_site
131	Can delete site	33	delete_site
132	Can view site	33	view_site
133	Can add social application	34	add_socialapp
134	Can change social application	34	change_socialapp
135	Can delete social application	34	delete_socialapp
136	Can view social application	34	view_socialapp
137	Can add social account	35	add_socialaccount
138	Can change social account	35	change_socialaccount
139	Can delete social account	35	delete_socialaccount
140	Can view social account	35	view_socialaccount
141	Can add social application token	36	add_socialtoken
142	Can change social application token	36	change_socialtoken
143	Can delete social application token	36	delete_socialtoken
144	Can view social application token	36	view_socialtoken
145	Can add couponlist	37	add_couponlist
146	Can change couponlist	37	change_couponlist
147	Can delete couponlist	37	delete_couponlist
148	Can view couponlist	37	view_couponlist
149	Can add categories coupon	38	add_categoriescoupon
150	Can change categories coupon	38	change_categoriescoupon
151	Can delete categories coupon	38	delete_categoriescoupon
152	Can view categories coupon	38	view_categoriescoupon
\.


--
-- Data for Name: auth_user; Type: TABLE DATA; Schema: public; Owner: -
--

COPY public.auth_user (id, password, last_login, is_superuser, username, first_name, last_name, email, is_staff, is_active, date_joined) FROM stdin;
5	pbkdf2_sha256$390000$RiIcP0YlCsBCTtobtFD6tH$C68vboS4MF1lWms8wI/ytL3MSSbsFbCP3wm+8gchhBQ=	2022-11-11 07:54:24.140339+00	f	Val123	Valerie	Adeagbosky 	lovely.agopita@fantasticsupport.net	f	t	2022-11-11 07:54:23.935169+00
6		2022-11-11 08:01:47.797504+00	f	valerie	Valerie	Adeagbosky		f	t	2022-11-11 08:01:47.663667+00
1	pbkdf2_sha256$390000$yxbxHQWgDzdKWmY1s1taFv$0C2+Q7JyoBTmXOzQiirKKOJ+Ci+nxi1LdHv6J8eHc3o=	2022-11-12 00:56:45.340958+00	t	appey30				t	t	2022-11-07 20:14:19.633234+00
7	pbkdf2_sha256$390000$W8PfPbFIcWPsMzNEmkyUUx$Pl8Fki50Q+Jv12y1DiTS+Dapopqf4KQ9kc2uchhL7AY=	2022-11-14 07:31:18.41035+00	f	Moneth	Moneth	De guzman	ramonita.deguzman001@deped.gov.ph	f	t	2022-11-14 07:31:18.270177+00
8	pbkdf2_sha256$390000$YtibXx07w6jfdyRcT8A95N$h637DSIy4348AVNTZou1rBbsGpheDUsHbVijbY7aseg=	2022-11-15 02:54:24.555028+00	f	Robin	Robin 	Mallari 	angelguiwa25@gmail.com	f	t	2022-11-15 02:54:24.545203+00
4	pbkdf2_sha256$390000$VxD50iVRyXDUptE1HMYs8f$bOQnhHjw8NNWs7jHJ1Dd09x9HSgwFz8ZM43I5VA1YDs=	2022-11-28 10:27:23.771046+00	t	KGDCafe28	KGD	Cafe		t	t	2022-11-09 13:22:17+00
9	pbkdf2_sha256$390000$UBuYWx8LEYKxkwIdVwTnIW$18dfhDSjlV+CYhz7CfE6icUfu2D60uGEwgWvvLTlY+w=	2022-11-15 08:53:56.217704+00	f	Kimmy_Pan	Kimberly	Pan	kimlauricepab@gmail.com	f	t	2022-11-15 08:53:56.207207+00
16	pbkdf2_sha256$390000$kySqukq1ruf1vr22xFz0C3$/X7rq2aGVEkbXSP8ojEo6DAlCSAmkpIvNufL8ZCYqrQ=	2022-11-24 01:56:56.20434+00	f	MJMacapinlac	Maryjoy	Macapinlac 	aranezmacapinlac24@gmail.com	f	t	2022-11-24 01:56:56.193502+00
10	pbkdf2_sha256$390000$uidh3h2Ys9iAhDL0OD673l$mm0rDSZyd/tSDiokbjql0oOORzZQQAFuxwL6T2o8Zd8=	2022-11-17 07:37:57.404138+00	f	mic	mica	cruz	imfhine.dancel@gmail.com	f	t	2022-11-17 07:37:57.396063+00
11	pbkdf2_sha256$390000$TCOy7jS6hCVJO4mJ53m3DI$tT0JK8a0cO9E/GFg3zwWeSCUuY8RMAIlwcrozd0KhUc=	2022-11-17 07:41:03.365477+00	f	richel	Richel	Briones	richel@gmail.com	f	t	2022-11-17 07:41:03.344933+00
17	pbkdf2_sha256$390000$CKQKAxvkI7UUYj7sqp76QL$2g1Tc6s3NjZ8eP8V5sMg9beEs+h6+HkwGN3YUSDtM+c=	2022-11-24 02:05:43.136624+00	f	Mjmacapinlac	MJ	Macapinlac	mjmacapinlac24@yahoo.com	f	t	2022-11-24 02:05:43.126338+00
12	pbkdf2_sha256$390000$IHcEX4v60PlPXAImDHL3dO$Dhm9CfSAhu0yXxKJ60NkTyUWK7weHtJw2RJ24+rPdso=	2022-11-18 06:37:12.743566+00	f	kylie	kylie rose	Deguzman	kylierose.deguzman@outlook.com	f	t	2022-11-18 06:37:12.734722+00
13	pbkdf2_sha256$390000$EndpHWgEEpgsbPPK5tVTRY$uQQzBJ6o1KEtifsPp1ymEHPWpBtCTzPthO5r4i0sWlE=	2022-11-20 07:22:10.698883+00	f	Sey	Aizel	Pernitez	aizelpernitez@gmail.com	f	t	2022-11-20 07:22:10.689391+00
14	pbkdf2_sha256$390000$8HHz4xkwlIoGUiisnvYrfG$3mRCZx4JBVB24RJEt/AJvtTeqv/dzvra/5G9srFTG/8=	2022-11-22 09:43:33.591201+00	f	Moneth50	Ramonita	De Guzman	gramonits@gmail.com	f	t	2022-11-22 09:43:33.574466+00
15	pbkdf2_sha256$390000$IErWIvRFuYpo7nir7LO9pF$0hHl0L3RQw9/JQccMKV1f3mfiXp8Ff56jLLDhfbMAQE=	2022-11-23 07:09:31.200653+00	f	Maricel	Maricel	Miranda	maricar23miranda@gmail.com	f	t	2022-11-23 07:09:31.191177+00
18	pbkdf2_sha256$390000$YvzQqIRm7B5dBj2ZbbC4Oo$vUPtyD0mj8VHz6s8aJYMvDM1OvOKQXaUas5WZZX+yKI=	2022-11-26 12:24:18.115545+00	f	Louiver	Louiver	Vargas	vargaslouiver@gmail.com	f	t	2022-11-26 12:24:18.104139+00
19	pbkdf2_sha256$390000$3gMQKjrikiEZzDf3XMumqf$2BaiYSmLVaqOLgvaRaGUVg3GH/AVXVYK9BRUy9+EeP8=	2022-11-27 10:58:12.023835+00	f	Guiwa2111	Guiwa	Limjuco	guiwa@gmail.com	f	t	2022-11-27 10:58:12.015393+00
3	pbkdf2_sha256$390000$bzOOXdLN3Ork91gFB2BmXN$yvz+9IcpcJmlSyvyQ9HPA98MudDRug0cjwUbla8i64A=	2022-11-27 11:50:03.026042+00	f	MJ24	Mary joy	Macapinlac	Emjhay082499@gmail.com	f	t	2022-11-08 10:52:33.350179+00
2	pbkdf2_sha256$390000$wvIJf6d30xZOiae7Q5laZi$JkN4GycLnzN/4Rq99Df5lsrcaWCBs0PXCsHs0O8WqbY=	2022-11-28 06:19:24.106762+00	f	Kimjasper30	Kim Jasper	De Guzman	appey_30@yahoo.com	f	t	2022-11-08 10:33:08.649357+00
20	pbkdf2_sha256$390000$3iHOXwWuLZAJVUO8tmAxs6$zm7W1IJFsWmoyHIkq3TVSXuMi9VjWZ4nRBFfiNgX/8I=	2022-11-28 08:46:10.321602+00	f	Kylie Rose	Kylie	Rose	kookiekookie166@gmail.com	f	t	2022-11-28 08:46:10.312092+00
\.


--
-- Data for Name: auth_user_groups; Type: TABLE DATA; Schema: public; Owner: -
--

COPY public.auth_user_groups (id, user_id, group_id) FROM stdin;
\.


--
-- Data for Name: auth_user_user_permissions; Type: TABLE DATA; Schema: public; Owner: -
--

COPY public.auth_user_user_permissions (id, user_id, permission_id) FROM stdin;
\.


--
-- Data for Name: django_admin_log; Type: TABLE DATA; Schema: public; Owner: -
--

COPY public.django_admin_log (id, action_time, object_id, object_repr, action_flag, change_message, content_type_id, user_id) FROM stdin;
1	2022-11-07 22:02:01.729112+00	1	Milktea	1	[{"added": {}}]	7	1
2	2022-11-07 22:03:08.425074+00	1	Reg	1	[{"added": {}}]	9	1
3	2022-11-08 10:26:57.272906+00	2	Frappe	1	[{"added": {}}]	7	1
4	2022-11-08 10:27:27.671609+00	3	Freeze	1	[{"added": {}}]	7	1
5	2022-11-08 10:27:34.63809+00	4	Snacks	1	[{"added": {}}]	7	1
6	2022-11-08 10:27:39.590983+00	5	Add-ons	1	[{"added": {}}]	7	1
7	2022-11-08 10:27:48.540383+00	1	Barkada(10")	1	[{"added": {}}]	8	1
8	2022-11-08 10:27:52.934568+00	2	Pamilya(12")	1	[{"added": {}}]	8	1
9	2022-11-08 10:28:10.920155+00	2	Full	1	[{"added": {}}]	9	1
10	2022-11-08 10:28:15.447641+00	3	Small	1	[{"added": {}}]	9	1
11	2022-11-08 10:28:25.402909+00	1	Pizza	1	[{"added": {}}]	10	1
12	2022-11-08 10:28:31.503864+00	2	Fries	1	[{"added": {}}]	10	1
13	2022-11-08 10:28:35.830393+00	3	Shawarma	1	[{"added": {}}]	10	1
14	2022-11-08 10:28:42.857804+00	4	Cookies	1	[{"added": {}}]	10	1
15	2022-11-08 10:28:47.403615+00	5	Bubble Waffle	1	[{"added": {}}]	10	1
16	2022-11-09 05:46:01.883343+00	2	Darkchoco Full	3		11	1
17	2022-11-09 05:46:50.757679+00	4	Darkchoco Small	3		11	1
18	2022-11-09 05:46:56.467893+00	3	Darkchoco Reg	3		11	1
19	2022-11-09 06:12:48.977958+00	8	Darkchoco Small	3		11	1
20	2022-11-09 06:12:48.980909+00	7	Darkchoco Reg	3		11	1
21	2022-11-09 06:12:48.985765+00	6	Darkchoco Full	3		11	1
22	2022-11-09 13:22:17.413029+00	4	KGDCafe28	1	[{"added": {}}]	4	1
23	2022-11-09 13:22:48.962937+00	4	KGDCafe28	2	[{"changed": {"fields": ["First name", "Last name", "Staff status", "Superuser status"]}}]	4	1
24	2022-11-11 13:50:40.75188+00	1	Stock	1	[{"added": {}}]	22	1
25	2022-11-11 13:50:47.267951+00	2	Expenses	1	[{"added": {}}]	22	1
26	2022-11-11 13:50:55.945184+00	1	Initial Stock	1	[{"added": {}}]	23	1
27	2022-11-11 13:51:02.661861+00	2	Final Stock	1	[{"added": {}}]	23	1
28	2022-11-11 13:51:11.178333+00	3	Start Stock	1	[{"added": {}}]	23	1
29	2022-11-11 13:51:19.416664+00	4	End Stock	1	[{"added": {}}]	23	1
30	2022-11-11 13:51:28.690605+00	5	Add Stock	1	[{"added": {}}]	23	1
31	2022-11-11 13:52:15.974695+00	1	Initial Stock	1	[{"added": {}}]	24	1
32	2022-11-11 13:52:27.435413+00	5	Add Stock	3		23	1
33	2022-11-11 13:52:27.439711+00	4	End Stock	3		23	1
34	2022-11-11 13:52:27.447086+00	3	Start Stock	3		23	1
35	2022-11-11 13:52:27.449846+00	2	Final Stock	3		23	1
36	2022-11-11 13:52:27.452936+00	1	Initial Stock	3		23	1
37	2022-11-11 13:52:37.559219+00	6	Transportation	1	[{"added": {}}]	23	1
38	2022-11-11 13:52:45.726881+00	7	Salary	1	[{"added": {}}]	23	1
39	2022-11-11 13:52:51.663379+00	2	Final Stock	1	[{"added": {}}]	24	1
40	2022-11-11 13:52:58.240969+00	3	Start Stock	1	[{"added": {}}]	24	1
41	2022-11-11 13:53:06.72376+00	4	End Stock	1	[{"added": {}}]	24	1
42	2022-11-11 13:53:17.717803+00	5	Add Stock	1	[{"added": {}}]	24	1
43	2022-11-11 13:54:19.143555+00	2	Final Stock	3		24	1
44	2022-11-11 13:54:19.148394+00	1	Initial Stock	3		24	1
45	2022-11-11 13:56:35.833944+00	5	Add Stock	3		24	1
46	2022-11-11 13:56:42.589466+00	6	Value Stock	1	[{"added": {}}]	24	1
47	2022-11-12 04:02:44.190873+00	1	KGD Login	1	[{"added": {}}]	31	4
48	2022-11-12 04:31:14.035383+00	1	valerie	3		30	4
49	2022-11-12 04:41:13.972884+00	1	KGD Login	3		31	4
50	2022-11-12 04:56:55.022734+00	1	https://kgdcafe.herokuapp.com/index/onlineordertesting/4	2	[{"changed": {"fields": ["Domain name", "Display name"]}}]	33	4
51	2022-11-12 04:57:07.315345+00	2	https://kgdcafe.herokuapp.com/index/onlineorder/4	1	[{"added": {}}]	33	4
52	2022-11-12 04:57:17.290235+00	3	https://kgdcafe.herokuapp.com/index/onlineorder/1	1	[{"added": {}}]	33	4
53	2022-11-12 04:57:27.184291+00	4	https://kgdcafe.herokuapp.com/index/onlineordertesting/1	1	[{"added": {}}]	33	4
54	2022-11-12 06:20:58.426002+00	18	Facebook Login	1	[{"added": {}}]	31	4
55	2022-11-13 00:57:06.61229+00	6	Promo	1	[{"added": {}}]	7	4
56	2022-11-13 01:24:25.348504+00	166	15% Discount Hawaiian None	2	[{"changed": {"fields": ["Promo"]}}]	11	4
57	2022-11-13 01:25:18.165886+00	167	Hokkaido with Free Fries None	2	[{"changed": {"fields": ["Promo"]}}]	11	4
58	2022-11-13 01:25:24.066455+00	167	Hokkaido with Free Fries None	2	[]	11	4
59	2022-11-13 02:50:08.793178+00	168	Darkchoco with Free Fries None	2	[{"changed": {"fields": ["Promo"]}}]	11	4
60	2022-11-13 03:01:47.20378+00	168	Darkchoco with Free Fries None	2	[{"changed": {"fields": ["Promo"]}}]	11	4
61	2022-11-13 03:41:57.767785+00	168	Darkchoco with Free Fries None	2	[{"changed": {"fields": ["Promo"]}}]	11	4
62	2022-11-13 03:47:21.651069+00	168	Hokkaido with Free Fries None	2	[{"changed": {"fields": ["Productname"]}}]	11	4
63	2022-11-13 04:01:06.244156+00	168	Milktea Hokkaido with Free Fries None	2	[{"changed": {"fields": ["Productname"]}}]	11	4
64	2022-11-13 04:03:27.943441+00	169	Milktea Okinawa with Free Fries None	1	[{"added": {}}]	11	4
65	2022-11-13 04:04:16.191098+00	170	Milktea Cappuccino Caramel Macchiato with Free Fri None	1	[{"added": {}}]	11	4
66	2022-11-13 04:08:15.388934+00	170	Milktea Cappuccino Caramel Macchiato with Free Fries None	2	[{"changed": {"fields": ["Productname"]}}]	11	4
67	2022-11-13 04:26:53.381216+00	171	Frappe Double Dutch with Free Fries None	1	[{"added": {}}]	11	4
68	2022-11-13 04:27:25.711708+00	172	Frappe Mocha with Free Fries None	1	[{"added": {}}]	11	4
69	2022-11-15 07:19:56.899473+00	169	Milktea Okinawa with Free Fries Full	2	[{"changed": {"fields": ["Size", "Promo"]}}]	11	4
70	2022-11-15 07:20:08.357168+00	168	Milktea Hokkaido with Free Fries Full	2	[{"changed": {"fields": ["Size"]}}]	11	4
71	2022-11-15 07:20:25.885432+00	170	Milktea Cappuccino Caramel Macchiato with Free Fries Full	2	[{"changed": {"fields": ["Size"]}}]	11	4
72	2022-11-15 07:20:40.605499+00	171	Frappe Double Dutch with Free Fries Full	2	[{"changed": {"fields": ["Size"]}}]	11	4
73	2022-11-15 07:20:53.167578+00	172	Frappe Mocha with Free Fries Full	2	[{"changed": {"fields": ["Size"]}}]	11	4
74	2022-11-15 07:24:12.143632+00	175	Buy2Take1 Freeze None	1	[{"added": {}}]	11	4
75	2022-11-15 09:28:51.192553+00	175	Buy2Take1 Freeze None	3		11	4
76	2022-11-15 09:28:51.195297+00	172	Frappe Mocha with Free Fries Full	3		11	4
77	2022-11-15 09:28:51.197194+00	171	Frappe Double Dutch with Free Fries Full	3		11	4
78	2022-11-15 09:28:51.198947+00	170	Milktea Cappuccino Caramel Macchiato with Free Fries Full	3		11	4
79	2022-11-15 09:28:51.200592+00	169	Milktea Okinawa with Free Fries Full	3		11	4
80	2022-11-15 09:28:51.202272+00	168	Milktea Hokkaido with Free Fries Full	3		11	4
81	2022-11-15 10:10:30.819229+00	1	Cappuccino Caramel Macchiato / KGD Cafe / 4 / San Agustin(Murcia)	3		21	4
82	2022-11-16 11:40:11.037536+00	1	One Code for All with Validity	1	[{"added": {}}]	38	4
83	2022-11-16 11:40:45.529623+00	2	Multiple Code for One Person with Validity	1	[{"added": {}}]	38	4
84	2022-11-16 11:41:03.709427+00	3	One Code for All Lifetime	1	[{"added": {}}]	38	4
85	2022-11-16 11:44:02.897375+00	3	Multiple Different Code	2	[{"changed": {"fields": ["CategoryCouponchoices"]}}]	38	4
86	2022-11-16 11:44:15.555317+00	2	One Code Lifetime for All	2	[{"changed": {"fields": ["CategoryCouponchoices"]}}]	38	4
87	2022-11-16 11:44:28.893163+00	1	One Code for All	2	[{"changed": {"fields": ["CategoryCouponchoices"]}}]	38	4
88	2022-11-16 11:46:13.720765+00	2	One Code Lifetime	2	[{"changed": {"fields": ["CategoryCouponchoices"]}}]	38	4
89	2022-11-16 11:46:22.210285+00	1	One Code	2	[{"changed": {"fields": ["CategoryCouponchoices"]}}]	38	4
90	2022-11-16 11:46:31.754348+00	1	One Code Many	2	[{"changed": {"fields": ["CategoryCouponchoices"]}}]	38	4
91	2022-11-16 11:46:41.975344+00	2	One Code Lifetime Many	2	[{"changed": {"fields": ["CategoryCouponchoices"]}}]	38	4
92	2022-11-16 11:46:58.654998+00	3	Multiple Different Code Single	2	[{"changed": {"fields": ["CategoryCouponchoices"]}}]	38	4
93	2022-11-17 02:35:32.893548+00	2	One Code Lifetime Many	3		38	4
94	2022-11-17 08:02:12.641291+00	85	Fries Solo None	2	[{"changed": {"fields": ["Size", "Promo"]}}]	11	4
95	2022-11-17 08:05:07.088024+00	75	November 17, 2022   // 4 DeliveryFee None None Richel Briones None	3		27	4
96	2022-11-17 09:06:39.994144+00	78	November 17, 2022   // 4 Fries Solo None None KGD Cafe None	3		27	4
97	2022-11-17 09:06:39.997555+00	77	November 17, 2022   // 4 Fries Solo None None KGD Cafe None	3		27	4
98	2022-11-17 09:06:40.000911+00	76	November 17, 2022   // 4 DeliveryFee None None KGD Cafe None	3		27	4
99	2022-11-17 11:59:05.915516+00	5	Cappuccino Caramel Macchiato / KGD Cafe / 4 / San Agustin(Murcia)	3		21	4
100	2022-11-17 12:08:33.765738+00	21	Cappuccino Caramel Macchiato / KGD Cafe / 4 / San Agustin(Murcia)	3		14	4
101	2022-11-17 12:09:19.91116+00	82	November 17, 2022   // 4 Fries Solo None None KGD Cafe None	3		27	4
102	2022-11-17 12:09:19.913977+00	81	November 17, 2022   // 4 Chocomalt Full None KGD Cafe None	3		27	4
103	2022-11-17 12:09:19.915693+00	80	November 17, 2022   // 4 Cappuccino Caramel Macchiato Full None KGD Cafe None	3		27	4
104	2022-11-17 12:09:19.917352+00	79	November 17, 2022   // 4 DeliveryFee None None KGD Cafe None	3		27	4
105	2022-11-20 13:01:24.04667+00	99	November 20, 2022   // 4 DeliveryFee None None Aizel Pernitez None	3		27	4
106	2022-11-20 13:05:05.215563+00	2	SampleName / One Code Many / Not yet Consumed / Not Active	3		37	4
107	2022-11-20 13:05:05.218818+00	1	SampleName / One Code Many / Not yet Consumed / Not Active	3		37	4
108	2022-11-20 13:31:42.243966+00	14	SampleName / Multiple Different Code Single / Not yet Consumed / Not Active	3		37	4
109	2022-11-20 13:31:42.253053+00	13	SampleName / Multiple Different Code Single / Not yet Consumed / Not Active	3		37	4
110	2022-11-20 13:31:42.257002+00	12	SampleName / Multiple Different Code Single / Not yet Consumed / Not Active	3		37	4
111	2022-11-20 13:31:42.260986+00	11	SampleName / Multiple Different Code Single / Not yet Consumed / Not Active	3		37	4
112	2022-11-20 13:31:42.264973+00	10	SampleName / Multiple Different Code Single / Not yet Consumed / Not Active	3		37	4
113	2022-11-20 13:31:42.268953+00	9	SampleName / Multiple Different Code Single / Not yet Consumed / Not Active	3		37	4
114	2022-11-20 13:31:42.277043+00	8	SampleName / Multiple Different Code Single / Not yet Consumed / Not Active	3		37	4
115	2022-11-20 13:31:42.280982+00	7	SampleName / Multiple Different Code Single / Not yet Consumed / Not Active	3		37	4
116	2022-11-20 13:31:42.284977+00	6	SampleName / Multiple Different Code Single / Not yet Consumed / Not Active	3		37	4
117	2022-11-20 13:31:42.288963+00	5	SampleName / Multiple Different Code Single / Not yet Consumed / Not Active	3		37	4
118	2022-11-20 13:31:42.292964+00	4	SampleName / Multiple Different Code Single / Not yet Consumed / Not Active	3		37	4
119	2022-11-20 13:31:42.296947+00	3	SampleName / Multiple Different Code Single / Not yet Consumed / Not Active	3		37	4
120	2022-11-20 13:33:21.860965+00	17	SampleName / Multiple Different Code Single / Not yet Consumed / Not Active	3		37	4
121	2022-11-20 13:33:21.863463+00	16	SampleName / Multiple Different Code Single / Not yet Consumed / Not Active	3		37	4
122	2022-11-20 13:33:21.865903+00	15	SampleName / Multiple Different Code Single / Not yet Consumed / Not Active	3		37	4
123	2022-11-20 13:35:10.427601+00	20	SampleName / Multiple Different Code Single / Not yet Consumed / Not Active	3		37	4
124	2022-11-20 13:35:10.431778+00	19	SampleName / Multiple Different Code Single / Not yet Consumed / Not Active	3		37	4
125	2022-11-20 13:35:10.433958+00	18	SampleName / Multiple Different Code Single / Not yet Consumed / Not Active	3		37	4
126	2022-11-20 13:54:28.002987+00	23	SampleName / Multiple Different Code Single / Not yet Consumed / Not Active	3		37	4
127	2022-11-20 13:54:28.007087+00	22	SampleName / Multiple Different Code Single / Not yet Consumed / Not Active	3		37	4
128	2022-11-20 13:54:28.010019+00	21	SampleName / Multiple Different Code Single / Not yet Consumed / Not Active	3		37	4
129	2022-11-20 13:57:21.465862+00	26	SampleName / Multiple Different Code Single / Not yet Consumed / Not Active	3		37	4
130	2022-11-20 13:57:21.473659+00	25	SampleName / Multiple Different Code Single / Not yet Consumed / Not Active	3		37	4
131	2022-11-20 13:57:21.476794+00	24	SampleName / Multiple Different Code Single / Not yet Consumed / Not Active	3		37	4
132	2022-11-20 14:16:56.201443+00	29	SampleName / Multiple Different Code Single / Not yet Consumed / Not Active	3		37	4
133	2022-11-20 14:16:56.204812+00	28	SampleName / Multiple Different Code Single / Not yet Consumed / Not Active	3		37	4
134	2022-11-20 14:16:56.206816+00	27	SampleName / Multiple Different Code Single / Not yet Consumed / Not Active	3		37	4
135	2022-11-20 14:18:37.224007+00	32	SampleName / Multiple Different Code Single / Not yet Consumed / Not Active	3		37	4
136	2022-11-20 14:18:37.227102+00	31	SampleName / Multiple Different Code Single / Not yet Consumed / Not Active	3		37	4
137	2022-11-20 14:18:37.229998+00	30	SampleName / Multiple Different Code Single / Not yet Consumed / Not Active	3		37	4
138	2022-11-20 14:28:48.269814+00	38	SampleName / Multiple Different Code Single / Not yet Consumed / Not Active	3		37	4
139	2022-11-20 14:28:48.273479+00	37	SampleName / Multiple Different Code Single / Not yet Consumed / Not Active	3		37	4
140	2022-11-20 14:28:48.275311+00	36	SampleName / Multiple Different Code Single / Not yet Consumed / Not Active	3		37	4
141	2022-11-20 14:28:48.278179+00	35	SampleName / Multiple Different Code Single / Not yet Consumed / Not Active	3		37	4
142	2022-11-20 14:28:48.280091+00	34	SampleName / Multiple Different Code Single / Not yet Consumed / Not Active	3		37	4
143	2022-11-20 14:28:48.283112+00	33	SampleName / Multiple Different Code Single / Not yet Consumed / Not Active	3		37	4
144	2022-11-20 14:31:02.159815+00	44	SampleName / Multiple Different Code Single / Not yet Consumed / Not Active	3		37	4
145	2022-11-20 14:31:02.163259+00	43	SampleName / Multiple Different Code Single / Not yet Consumed / Not Active	3		37	4
146	2022-11-20 14:31:02.166482+00	42	SampleName / Multiple Different Code Single / Not yet Consumed / Not Active	3		37	4
147	2022-11-20 14:31:02.168576+00	41	SampleName / Multiple Different Code Single / Not yet Consumed / Not Active	3		37	4
148	2022-11-20 14:31:02.172271+00	40	SampleName / Multiple Different Code Single / Not yet Consumed / Not Active	3		37	4
149	2022-11-20 14:31:02.174532+00	39	SampleName / Multiple Different Code Single / Not yet Consumed / Not Active	3		37	4
150	2022-11-20 14:32:47.764195+00	47	SampleName / Multiple Different Code Single / Not yet Consumed / Not Active	3		37	4
151	2022-11-20 14:32:47.766648+00	46	SampleName / Multiple Different Code Single / Not yet Consumed / Not Active	3		37	4
152	2022-11-20 14:32:47.768536+00	45	SampleName / Multiple Different Code Single / Not yet Consumed / Not Active	3		37	4
153	2022-11-20 14:35:43.842858+00	50	SampleName / Multiple Different Code Single / Not yet Consumed / Not Active	3		37	4
154	2022-11-20 14:35:43.846004+00	49	SampleName / Multiple Different Code Single / Not yet Consumed / Not Active	3		37	4
155	2022-11-20 14:35:43.848257+00	48	SampleName / Multiple Different Code Single / Not yet Consumed / Not Active	3		37	4
156	2022-11-20 14:39:21.55984+00	53	SampleName / Multiple Different Code Single / Not yet Consumed / Not Active	3		37	4
157	2022-11-20 14:39:21.561695+00	52	SampleName / Multiple Different Code Single / Not yet Consumed / Not Active	3		37	4
158	2022-11-20 14:39:21.563816+00	51	SampleName / Multiple Different Code Single / Not yet Consumed / Not Active	3		37	4
159	2022-11-20 14:43:47.096178+00	56	SampleName / Multiple Different Code Single / Not yet Consumed / Not Active	3		37	4
160	2022-11-20 14:43:47.100874+00	55	SampleName / Multiple Different Code Single / Not yet Consumed / Not Active	3		37	4
161	2022-11-20 14:43:47.102976+00	54	SampleName / Multiple Different Code Single / Not yet Consumed / Not Active	3		37	4
162	2022-11-20 14:50:32.051362+00	59	SampleName / Multiple Different Code Single / Not yet Consumed / Not Active	3		37	4
163	2022-11-20 14:50:32.055423+00	58	SampleName / Multiple Different Code Single / Not yet Consumed / Not Active	3		37	4
164	2022-11-20 14:50:32.059437+00	57	SampleName / Multiple Different Code Single / Not yet Consumed / Not Active	3		37	4
165	2022-11-20 14:51:42.571563+00	65	SampleName / Multiple Different Code Single / Not yet Consumed / Not Active	3		37	4
166	2022-11-20 14:51:42.57826+00	64	SampleName / Multiple Different Code Single / Not yet Consumed / Not Active	3		37	4
167	2022-11-20 14:51:42.580552+00	63	SampleName / Multiple Different Code Single / Not yet Consumed / Not Active	3		37	4
168	2022-11-20 14:51:42.583171+00	62	SampleName / Multiple Different Code Single / Not yet Consumed / Not Active	3		37	4
169	2022-11-20 14:51:42.585109+00	61	SampleName / Multiple Different Code Single / Not yet Consumed / Not Active	3		37	4
170	2022-11-20 14:51:42.587618+00	60	SampleName / Multiple Different Code Single / Not yet Consumed / Not Active	3		37	4
171	2022-11-20 14:56:41.719416+00	68	SampleName / Multiple Different Code Single / Not yet Consumed / Not Active	3		37	4
172	2022-11-20 14:56:41.723232+00	67	SampleName / Multiple Different Code Single / Not yet Consumed / Not Active	3		37	4
173	2022-11-20 14:56:41.725913+00	66	SampleName / Multiple Different Code Single / Not yet Consumed / Not Active	3		37	4
174	2022-11-20 15:04:01.511294+00	74	SampleName / Multiple Different Code Single / Not yet Consumed / Not Active	3		37	4
175	2022-11-20 15:04:01.514624+00	73	SampleName / Multiple Different Code Single / Not yet Consumed / Not Active	3		37	4
176	2022-11-20 15:04:01.516433+00	72	SampleName / Multiple Different Code Single / Not yet Consumed / Not Active	3		37	4
177	2022-11-20 15:04:01.518858+00	71	SampleName / Multiple Different Code Single / Not yet Consumed / Not Active	3		37	4
178	2022-11-20 15:04:01.520711+00	70	SampleName / Multiple Different Code Single / Not yet Consumed / Not Active	3		37	4
179	2022-11-20 15:04:01.523136+00	69	SampleName / Multiple Different Code Single / Not yet Consumed / Not Active	3		37	4
180	2022-11-20 15:09:02.475291+00	77	SampleName / Multiple Different Code Single / Not yet Consumed / Not Active	3		37	4
181	2022-11-20 15:09:02.47805+00	76	SampleName / Multiple Different Code Single / Not yet Consumed / Not Active	3		37	4
182	2022-11-20 15:09:02.480323+00	75	SampleName / Multiple Different Code Single / Not yet Consumed / Not Active	3		37	4
183	2022-11-20 15:12:08.592266+00	81	SampleName / Multiple Different Code Single / Not yet Consumed / Not Active	3		37	4
184	2022-11-20 15:12:08.595093+00	80	SampleName / Multiple Different Code Single / Not yet Consumed / Not Active	3		37	4
185	2022-11-20 15:12:08.597005+00	79	SampleName / Multiple Different Code Single / Not yet Consumed / Not Active	3		37	4
186	2022-11-20 15:12:08.599859+00	78	SampleName / Multiple Different Code Single / Not yet Consumed / Not Active	3		37	4
187	2022-11-21 13:02:11.479917+00	82	ChristmasPromo / Multiple Different Code Single / Not yet Consumed / Not Active	2	[{"changed": {"fields": ["Is active"]}}]	37	4
188	2022-11-21 14:22:00.780763+00	88	December promo / Multiple Different Code Single / Not yet Consumed / Not Active	3		37	4
189	2022-11-21 14:22:00.784429+00	87	December promo / Multiple Different Code Single / Not yet Consumed / Not Active	3		37	4
190	2022-11-21 14:22:00.786489+00	86	December promo / Multiple Different Code Single / Not yet Consumed / Not Active	3		37	4
191	2022-11-21 14:22:00.789323+00	85	December promo / Multiple Different Code Single / Not yet Consumed / Not Active	3		37	4
192	2022-11-21 14:22:00.791347+00	84	December promo / Multiple Different Code Single / Not yet Consumed / Not Active	3		37	4
193	2022-11-21 14:22:00.793445+00	83	December promo / Multiple Different Code Single / Not yet Consumed / Not Active	3		37	4
194	2022-11-21 19:23:57.703731+00	82	ChristmasPromo / Multiple Different Code Single / Not yet Consumed / Not Active	2	[{"changed": {"fields": ["Is active"]}}]	37	4
195	2022-11-22 09:31:45.762222+00	89	KGDDeliveryFree / One Code Many / Not yet Consumed / Not Active	3		37	4
196	2022-11-22 09:31:45.766206+00	82	ChristmasPromo / Multiple Different Code Single / Not yet Consumed / Not Active	3		37	4
197	2022-11-22 13:20:35.610494+00	90	KGDDeliveryFree / One Code Many / Redeemed / Not Active	3		37	4
198	2022-11-22 13:22:30.297859+00	91	KGDDeliveryFree / Multiple Different Code Single / Not yet Redeemed / Not Active	3		37	4
199	2022-11-22 13:23:10.316637+00	92	KGDDeliveryFree / Multiple Different Code Single / Not yet Redeemed / Not Active	3		37	4
200	2022-11-22 13:41:59.770247+00	110	November 22, 2022   // 4 Cappuccino Caramel Macchiato Full None Kim Jasper De Guzman None	3		27	4
201	2022-11-22 13:41:59.778879+00	109	November 22, 2022   // 4 DeliveryFee None None Kim Jasper De Guzman None	3		27	4
202	2022-11-23 02:48:09.046742+00	93	KGDDeliveryFree / Multiple Different Code Single / Redeemed / Not Active	2	[{"changed": {"fields": ["Is withMinimumAmount", "MinimumAmount"]}}]	37	4
203	2022-11-23 02:49:06.086753+00	93	KGDDeliveryFree / Multiple Different Code Single / Not yet Redeemed / Not Active	2	[{"changed": {"fields": ["Redeemlimit"]}}]	37	4
204	2022-11-23 02:52:03.548154+00	93	KGDDeliveryFree / Multiple Different Code Single / Not yet Redeemed / Not Active	2	[{"changed": {"fields": ["Discountamount"]}}]	37	4
205	2022-11-23 03:28:36.675991+00	93	KGDDeliveryFreeTest / Multiple Different Code Single / Not yet Redeemed / Not Active	2	[{"changed": {"fields": ["Couponname"]}}]	37	4
206	2022-11-23 03:40:46.033556+00	93	KGDDeliveryFreeTest / Multiple Different Code Single / Not yet Redeemed / Not Active	2	[{"changed": {"fields": ["Is withMinimumAmount", "MinimumAmount"]}}]	37	4
207	2022-11-23 03:41:30.129277+00	93	KGDDeliveryFreeTest / Multiple Different Code Single / Not yet Redeemed / Not Active	2	[{"changed": {"fields": ["Is withMinimumAmount", "MinimumAmount"]}}]	37	4
208	2022-11-23 04:08:37.577407+00	93	KGDDeliveryFreeTest / Multiple Different Code Single / Not yet Redeemed / Not Active	2	[{"changed": {"fields": ["Is withMinimumAmount", "MinimumAmount"]}}]	37	4
209	2022-11-23 04:13:25.12313+00	93	KGDDeliveryFreeTest / Multiple Different Code Single / Not yet Redeemed / Not Active	3		37	4
210	2022-11-23 04:43:39.887388+00	45	Ready / Kim Jasper De Guzman / 4 / San Agustin(Murcia)	3		12	4
211	2022-11-23 04:43:39.891651+00	44	Cappuccino Caramel Macchiato / Kim Jasper De Guzman / 4 / San Agustin(Murcia)	3		12	4
212	2022-11-23 05:30:57.538593+00	48	Ready / Kim Jasper De Guzman / 4 / San Agustin(Murcia)	3		12	4
213	2022-11-23 05:30:57.541732+00	47	Chocomalt / Kim Jasper De Guzman / 4 / San Agustin(Murcia)	3		12	4
214	2022-11-23 05:30:57.54408+00	46	Cappuccino Caramel Macchiato / Kim Jasper De Guzman / 4 / San Agustin(Murcia)	3		12	4
215	2022-11-23 07:40:51.882445+00	34	Cappuccino Caramel Macchiato / KGD Cafe / 4 / San Agustin(Murcia)	3		14	4
216	2022-11-23 08:27:29.00574+00	114	November 23, 2022   // 4 Shawarma None None Maricel Miranda None	3		27	4
217	2022-11-23 08:27:29.009081+00	113	November 23, 2022   // 4 Hawaiian None Pamilya(12") Maricel Miranda None	3		27	4
218	2022-11-23 08:27:29.011298+00	112	November 23, 2022   // 4 DeliveryFee None None Maricel Miranda None	3		27	4
219	2022-11-23 08:55:43.280019+00	117	November 23, 2022   // 4 Hawaiian None Pamilya(12") Maricel Miranda None	2	[{"changed": {"fields": ["Pinnedlat", "Pinnedlng", "LandmarksnNotes"]}}]	27	4
220	2022-11-23 08:55:47.852823+00	116	November 23, 2022   // 4 Shawarma None None Maricel Miranda None	2	[{"changed": {"fields": ["Pinnedlat", "Pinnedlng", "LandmarksnNotes"]}}]	27	4
221	2022-11-23 08:55:53.804949+00	115	November 23, 2022   // 4 DeliveryFee None None Maricel Miranda None	2	[{"changed": {"fields": ["Pinnedlat", "Pinnedlng", "LandmarksnNotes"]}}]	27	4
222	2022-11-23 08:59:33.705607+00	6	Cappuccino Caramel Macchiato / KGD Cafe / 4 / San Agustin(Murcia)	3		21	4
223	2022-11-24 16:22:29.914722+00	177	Milktea Cappuccino Caramel Macchiato with Free Fries Full	1	[{"added": {}}]	11	4
224	2022-11-24 17:23:36.937056+00	40	Cappuccino Caramel Macchiato / KGD Cafe / 4 / San Agustin(Murcia)	3		14	4
225	2022-11-24 17:24:28.017759+00	41	Cappuccino Caramel Macchiato / KGD Cafe / 4 / None	3		14	4
226	2022-11-24 17:50:53.8713+00	178	Milktea Cappuccino Caramel Macchiato with Free Fries Reg	1	[{"added": {}}]	11	4
227	2022-11-24 18:04:27.069639+00	43	Milktea Cappuccino Caramel Macchiato with Free Fries / KGD Cafe / 4 / San Agustin(Murcia)	3		14	4
228	2022-11-24 18:04:27.0736+00	42	Milktea Cappuccino Caramel Macchiato with Free Fries / KGD Cafe / 4 / San Agustin(Murcia)	3		14	4
229	2022-11-24 18:04:38.721808+00	178	Milktea Cappuccino Caramel Macchiato with Free Fries Reg	3		11	4
230	2022-11-24 18:04:38.724394+00	177	Milktea Cappuccino Caramel Macchiato with Free Fries Full	3		11	4
231	2022-11-25 07:03:40.448682+00	8	Cappuccino Caramel Macchiato / KGD Cafe / 4 / San Agustin(Murcia)	3		21	4
232	2022-11-25 07:10:54.205642+00	10	Cappuccino Caramel Macchiato / KGD Cafe / 4 / San Agustin(Murcia)	3		21	4
233	2022-11-25 07:21:14.504021+00	48	Cappuccino Caramel Macchiato / KGD Cafe / 4 / None	3		14	4
234	2022-11-25 09:44:05.563196+00	58	Cappuccino Caramel Macchiato / KGD Cafe / 4 / San Agustin(Murcia)	3		12	4
235	2022-11-25 10:52:04.560019+00	193	Frappe Double Dutch with Free Fries Reg	2	[{"changed": {"fields": ["Promo"]}}]	11	4
236	2022-11-25 10:52:13.529867+00	192	Frappe Double Dutch with Free Fries Full	2	[{"changed": {"fields": ["Promo"]}}]	11	4
237	2022-11-25 10:55:01.962698+00	194	Frappe Mocha with Free Fries Full	2	[{"changed": {"fields": ["Promo"]}}]	11	4
238	2022-11-25 10:56:57.729931+00	194	Frappe Mocha with Free Fries Full	2	[]	11	4
239	2022-11-25 10:57:06.45226+00	196	Milktea Cappuccino Caramel Macchiato with Free Fries Full	2	[{"changed": {"fields": ["Promo"]}}]	11	4
240	2022-11-25 10:57:13.731561+00	195	Frappe Mocha with Free Fries Reg	2	[{"changed": {"fields": ["Promo"]}}]	11	4
241	2022-11-25 11:01:19.908806+00	197	Milktea Cappuccino Caramel Macchiato with Free Fries Reg	2	[{"changed": {"fields": ["Promo"]}}]	11	4
242	2022-11-25 11:01:25.786726+00	196	Milktea Cappuccino Caramel Macchiato with Free Fries Full	2	[]	11	4
243	2022-11-25 11:01:32.888695+00	197	Milktea Cappuccino Caramel Macchiato with Free Fries Reg	2	[]	11	4
244	2022-11-25 11:01:40.933445+00	198	Milktea Hokkaido with Free Fries Full	2	[{"changed": {"fields": ["Promo", "PDescription"]}}]	11	4
245	2022-11-25 11:02:20.531085+00	199	Milktea Hokkaido with Free Fries Reg	2	[{"changed": {"fields": ["Promo"]}}]	11	4
246	2022-11-25 11:02:22.851347+00	200	Milktea Okinawa with Free Fries Full	2	[{"changed": {"fields": ["Promo"]}}]	11	4
247	2022-11-25 11:02:25.875085+00	201	Milktea Okinawa with Free Fries Reg	2	[{"changed": {"fields": ["Promo"]}}]	11	4
248	2022-11-26 09:12:22.970378+00	18	November 10, 2022   // 1 Cookies and Cream Full None Kim Jasper De Guzman None	2	[{"changed": {"fields": ["Gpslat", "Gpslng", "Gpsaccuracy"]}}]	27	4
249	2022-11-26 09:13:15.755252+00	107	November 22, 2022   // 4 Cheesy Spinach None Barkada(10") Kim Jasper De Guzman None	2	[{"changed": {"fields": ["Gpslat", "Gpslng"]}}]	27	4
250	2022-11-26 09:14:49.135136+00	5	November 08, 2022   // 1 DeliveryFee None None Kim Jasper De Guzman None	2	[{"changed": {"fields": ["Gpslat", "Gpslng", "Pinnedlat", "Pinnedlng"]}}]	27	4
251	2022-11-26 09:14:51.27551+00	6	November 08, 2022   // 1 Darkchoco Full None Kim Jasper De Guzman None	2	[{"changed": {"fields": ["Gpslat", "Gpslng", "Pinnedlat", "Pinnedlng"]}}]	27	4
252	2022-11-26 09:14:54.80638+00	17	November 10, 2022   // 1 DeliveryFee None None Kim Jasper De Guzman None	2	[{"changed": {"fields": ["Gpslat", "Gpslng", "Pinnedlat", "Pinnedlng"]}}]	27	4
253	2022-11-26 09:14:56.46811+00	18	November 10, 2022   // 1 Cookies and Cream Full None Kim Jasper De Guzman None	2	[{"changed": {"fields": ["Gpslat", "Gpslng", "Pinnedlat", "Pinnedlng"]}}]	27	4
254	2022-11-26 09:14:58.469191+00	45	November 14, 2022   // 4 DeliveryFee None None Kim Jasper De Guzman None	2	[{"changed": {"fields": ["Gpslat", "Gpslng", "Pinnedlat", "Pinnedlng"]}}]	27	4
255	2022-11-26 09:15:00.837144+00	46	November 14, 2022   // 4 Cheesy Spinach None Barkada(10") Kim Jasper De Guzman None	2	[{"changed": {"fields": ["Gpslat", "Gpslng", "Pinnedlat", "Pinnedlng"]}}]	27	4
256	2022-11-26 09:15:03.513782+00	106	November 22, 2022   // 4 DeliveryFee None None Kim Jasper De Guzman None	2	[{"changed": {"fields": ["Gpslat", "Gpslng", "Pinnedlat", "Pinnedlng"]}}]	27	4
257	2022-11-26 09:15:06.047732+00	107	November 22, 2022   // 4 Cheesy Spinach None Barkada(10") Kim Jasper De Guzman None	2	[]	27	4
258	2022-11-27 11:55:06.121037+00	180	November 27, 2022   // 4 Double Dutch Full None Mary joy Macapinlac None	3		27	4
259	2022-11-27 11:55:06.124575+00	179	November 27, 2022   // 4 DeliveryFee None None Mary joy Macapinlac None	3		27	4
260	2022-11-27 11:55:06.126291+00	178	November 27, 2022   // 4 Double Dutch Full None MJ Macapinlac None	3		27	4
261	2022-11-27 11:55:06.128898+00	177	November 27, 2022   // 4 DeliveryFee None None MJ Macapinlac None	3		27	4
262	2022-11-27 11:55:06.130687+00	176	November 27, 2022   // 4 Cappuccino Caramel Macchiato Full None MJ Macapinlac None	3		27	4
263	2022-11-27 11:55:06.132729+00	175	November 27, 2022   // 4 DeliveryFee None None MJ Macapinlac None	3		27	4
264	2022-11-27 12:10:57.418921+00	94	KGDDeliveryFree / One Code Many / Redeemed / Not Active	3		37	4
265	2022-11-27 13:03:02.256675+00	95	KGDDeliveryFree / One Code Many / Not yet Redeemed / Not Active	3		37	4
266	2022-11-28 03:50:37.59405+00	131	KGDDeliveryFree / Multiple Different Code Single / Not yet Redeemed / Not Active	3		37	4
267	2022-11-28 03:50:37.597758+00	130	KGDDeliveryFree / Multiple Different Code Single / Not yet Redeemed / Not Active	3		37	4
268	2022-11-28 03:50:37.599761+00	129	KGDDeliveryFree / Multiple Different Code Single / Not yet Redeemed / Not Active	3		37	4
269	2022-11-28 03:50:37.602139+00	128	KGDDeliveryFree / Multiple Different Code Single / Not yet Redeemed / Not Active	3		37	4
270	2022-11-28 03:50:37.604032+00	127	KGDDeliveryFree / Multiple Different Code Single / Not yet Redeemed / Not Active	3		37	4
271	2022-11-28 03:50:37.609777+00	126	KGDDeliveryFree / Multiple Different Code Single / Not yet Redeemed / Not Active	3		37	4
272	2022-11-28 03:50:37.61178+00	125	KGDDeliveryFree / Multiple Different Code Single / Not yet Redeemed / Not Active	3		37	4
273	2022-11-28 03:50:37.614257+00	124	KGDDeliveryFree / Multiple Different Code Single / Not yet Redeemed / Not Active	3		37	4
274	2022-11-28 03:50:37.615994+00	123	KGDDeliveryFree / Multiple Different Code Single / Not yet Redeemed / Not Active	3		37	4
275	2022-11-28 03:50:37.618549+00	122	KGDDeliveryFree / Multiple Different Code Single / Not yet Redeemed / Not Active	3		37	4
276	2022-11-28 03:50:37.620548+00	121	KGDDeliveryFree / Multiple Different Code Single / Not yet Redeemed / Not Active	3		37	4
277	2022-11-28 03:50:37.623127+00	120	KGDDeliveryFree / Multiple Different Code Single / Not yet Redeemed / Not Active	3		37	4
278	2022-11-28 03:54:23.421852+00	143	KGDDeliveryFree / Multiple Different Code Single / Not yet Redeemed / Not Active	3		37	4
279	2022-11-28 03:54:23.425698+00	142	KGDDeliveryFree / Multiple Different Code Single / Not yet Redeemed / Not Active	3		37	4
280	2022-11-28 03:54:23.428315+00	141	KGDDeliveryFree / Multiple Different Code Single / Not yet Redeemed / Not Active	3		37	4
281	2022-11-28 03:54:23.431519+00	140	KGDDeliveryFree / Multiple Different Code Single / Not yet Redeemed / Not Active	3		37	4
282	2022-11-28 03:54:23.433976+00	139	KGDDeliveryFree / Multiple Different Code Single / Not yet Redeemed / Not Active	3		37	4
283	2022-11-28 03:54:23.436704+00	138	KGDDeliveryFree / Multiple Different Code Single / Not yet Redeemed / Not Active	3		37	4
284	2022-11-28 03:54:23.439082+00	137	KGDDeliveryFree / Multiple Different Code Single / Not yet Redeemed / Not Active	3		37	4
285	2022-11-28 03:54:23.441509+00	136	KGDDeliveryFree / Multiple Different Code Single / Not yet Redeemed / Not Active	3		37	4
286	2022-11-28 03:54:23.443836+00	135	KGDDeliveryFree / Multiple Different Code Single / Not yet Redeemed / Not Active	3		37	4
287	2022-11-28 03:54:23.446377+00	134	KGDDeliveryFree / Multiple Different Code Single / Not yet Redeemed / Not Active	3		37	4
288	2022-11-28 03:54:23.448504+00	133	KGDDeliveryFree / Multiple Different Code Single / Not yet Redeemed / Not Active	3		37	4
289	2022-11-28 03:54:23.45112+00	132	KGDDeliveryFree / Multiple Different Code Single / Not yet Redeemed / Not Active	3		37	4
290	2022-11-28 05:03:12.152327+00	119	KGDDeliveryFree / Multiple Different Code Single / Not yet Redeemed / Not Active	3		37	4
291	2022-11-28 05:03:12.155889+00	118	KGDDeliveryFree / Multiple Different Code Single / Not yet Redeemed / Not Active	3		37	4
292	2022-11-28 05:03:12.158451+00	117	KGDDeliveryFree / Multiple Different Code Single / Not yet Redeemed / Not Active	3		37	4
293	2022-11-28 05:03:12.161528+00	116	KGDDeliveryFree / Multiple Different Code Single / Not yet Redeemed / Not Active	3		37	4
294	2022-11-28 05:03:12.163892+00	115	KGDDeliveryFree / Multiple Different Code Single / Not yet Redeemed / Not Active	3		37	4
295	2022-11-28 05:03:12.167347+00	114	KGDDeliveryFree / Multiple Different Code Single / Not yet Redeemed / Not Active	3		37	4
296	2022-11-28 05:03:12.169821+00	113	KGDDeliveryFree / Multiple Different Code Single / Not yet Redeemed / Not Active	3		37	4
297	2022-11-28 05:03:12.173437+00	112	KGDDeliveryFree / Multiple Different Code Single / Not yet Redeemed / Not Active	3		37	4
298	2022-11-28 05:03:12.175589+00	111	KGDDeliveryFree / Multiple Different Code Single / Not yet Redeemed / Not Active	3		37	4
299	2022-11-28 05:03:12.178665+00	110	KGDDeliveryFree / Multiple Different Code Single / Not yet Redeemed / Not Active	3		37	4
300	2022-11-28 05:03:12.180726+00	109	KGDDeliveryFree / Multiple Different Code Single / Not yet Redeemed / Not Active	3		37	4
301	2022-11-28 05:03:12.183432+00	108	KGDDeliveryFree / Multiple Different Code Single / Not yet Redeemed / Not Active	3		37	4
302	2022-11-28 05:03:12.185266+00	107	KGDDeliveryFree / Multiple Different Code Single / Not yet Redeemed / Not Active	3		37	4
303	2022-11-28 05:03:12.187653+00	106	KGDDeliveryFree / Multiple Different Code Single / Not yet Redeemed / Not Active	3		37	4
304	2022-11-28 05:03:12.190189+00	105	KGDDeliveryFree / Multiple Different Code Single / Not yet Redeemed / Not Active	3		37	4
305	2022-11-28 05:03:12.193055+00	104	KGDDeliveryFree / Multiple Different Code Single / Not yet Redeemed / Not Active	3		37	4
306	2022-11-28 05:03:12.194938+00	103	KGDDeliveryFree / Multiple Different Code Single / Not yet Redeemed / Not Active	3		37	4
307	2022-11-28 05:03:12.197611+00	102	KGDDeliveryFree / Multiple Different Code Single / Not yet Redeemed / Not Active	3		37	4
308	2022-11-28 05:03:12.200565+00	101	KGDDeliveryFree / Multiple Different Code Single / Not yet Redeemed / Not Active	3		37	4
309	2022-11-28 05:03:12.202865+00	100	KGDDeliveryFree / Multiple Different Code Single / Not yet Redeemed / Not Active	3		37	4
310	2022-11-28 05:03:12.206229+00	99	KGDDeliveryFree / Multiple Different Code Single / Not yet Redeemed / Not Active	3		37	4
311	2022-11-28 05:03:12.208279+00	98	KGDDeliveryFree / Multiple Different Code Single / Not yet Redeemed / Not Active	3		37	4
312	2022-11-28 05:03:12.21127+00	97	KGDDeliveryFree / Multiple Different Code Single / Not yet Redeemed / Not Active	3		37	4
313	2022-11-28 05:03:12.213392+00	96	KGDDeliveryFree / Multiple Different Code Single / Not yet Redeemed / Not Active	3		37	4
\.


--
-- Data for Name: django_content_type; Type: TABLE DATA; Schema: public; Owner: -
--

COPY public.django_content_type (id, app_label, model) FROM stdin;
1	admin	logentry
2	auth	permission
3	auth	group
4	auth	user
5	contenttypes	contenttype
6	sessions	session
7	AutomationApp	categories
8	AutomationApp	psizes
9	AutomationApp	sizes
10	AutomationApp	subcategories
11	AutomationApp	user1
12	AutomationApp	acceptorder
13	AutomationApp	acknowledgedstockorder
14	AutomationApp	customer
15	AutomationApp	dailysales
16	AutomationApp	punchedprod
17	AutomationApp	punchedprodso
18	AutomationApp	queue1
19	AutomationApp	queue2
20	AutomationApp	queue3
21	AutomationApp	rejectorder
22	AutomationApp	saecat
23	AutomationApp	saesubcate
24	AutomationApp	saesubcats
25	AutomationApp	submitstockorder
26	AutomationApp	timesheet
27	AutomationApp	sales
28	account	emailaddress
29	account	emailconfirmation
30	socialaccount	socialaccount
31	socialaccount	socialapp
32	socialaccount	socialtoken
33	sites	site
34	allauth	socialapp
35	allauth	socialaccount
36	allauth	socialtoken
37	AutomationApp	couponlist
38	AutomationApp	categoriescoupon
\.


--
-- Data for Name: django_migrations; Type: TABLE DATA; Schema: public; Owner: -
--

COPY public.django_migrations (id, app, name, applied) FROM stdin;
1	contenttypes	0001_initial	2022-11-07 20:11:22.443004+00
2	auth	0001_initial	2022-11-07 20:11:22.536894+00
3	AutomationApp	0001_initial	2022-11-07 20:11:22.615192+00
4	admin	0001_initial	2022-11-07 20:11:22.66077+00
5	admin	0002_logentry_remove_auto_add	2022-11-07 20:11:22.677831+00
6	admin	0003_logentry_add_action_flag_choices	2022-11-07 20:11:22.69668+00
7	contenttypes	0002_remove_content_type_name	2022-11-07 20:11:22.720652+00
8	auth	0002_alter_permission_name_max_length	2022-11-07 20:11:22.735112+00
9	auth	0003_alter_user_email_max_length	2022-11-07 20:11:22.747824+00
10	auth	0004_alter_user_username_opts	2022-11-07 20:11:22.763266+00
11	auth	0005_alter_user_last_login_null	2022-11-07 20:11:22.782152+00
12	auth	0006_require_contenttypes_0002	2022-11-07 20:11:22.786746+00
13	auth	0007_alter_validators_add_error_messages	2022-11-07 20:11:22.796777+00
14	auth	0008_alter_user_username_max_length	2022-11-07 20:11:22.810969+00
15	auth	0009_alter_user_last_name_max_length	2022-11-07 20:11:22.827002+00
16	auth	0010_alter_group_name_max_length	2022-11-07 20:11:22.844935+00
17	auth	0011_update_proxy_permissions	2022-11-07 20:11:22.862535+00
18	auth	0012_alter_user_first_name_max_length	2022-11-07 20:11:22.878239+00
19	sessions	0001_initial	2022-11-07 20:11:22.897691+00
20	AutomationApp	0002_acceptorder_acknowledgedstockorder_customer_and_more	2022-11-07 21:59:29.41939+00
21	account	0001_initial	2022-11-07 21:59:29.491655+00
22	account	0002_email_max_length	2022-11-07 21:59:29.508567+00
23	socialaccount	0001_initial	2022-11-07 21:59:29.588578+00
24	socialaccount	0002_token_max_lengths	2022-11-07 21:59:29.613879+00
25	socialaccount	0003_extra_data_default_dict	2022-11-07 21:59:29.627098+00
26	AutomationApp	0003_remove_user1_productimg_user1_pdescription	2022-11-10 12:11:44.657293+00
27	AutomationApp	0004_alter_user1_pdescription	2022-11-12 02:39:33.212121+00
28	sites	0001_initial	2022-11-12 04:51:52.202732+00
29	sites	0002_alter_domain_unique	2022-11-12 04:51:52.219381+00
30	AutomationApp	0005_alter_user1_productname	2022-11-13 04:06:45.687071+00
31	AutomationApp	0006_categoriescoupon_couponlist	2022-11-16 06:54:56.431041+00
32	AutomationApp	0007_couponlist_is_withvalidity	2022-11-20 11:01:00.035649+00
33	AutomationApp	0008_alter_couponlist_validfrom_and_more	2022-11-20 12:35:10.83278+00
34	AutomationApp	0009_remove_couponlist_is_withvalidity_and_more	2022-11-21 06:07:00.111613+00
35	AutomationApp	0010_remove_couponlist_qr	2022-11-21 13:01:59.659953+00
36	AutomationApp	0011_rename_is_consumed_couponlist_is_consumable_and_more	2022-11-22 10:31:49.186655+00
37	AutomationApp	0012_alter_couponlist_numberredeem	2022-11-22 10:31:49.200154+00
38	AutomationApp	0013_remove_couponlist_numberredeem_and_more	2022-11-22 10:31:49.225183+00
39	AutomationApp	0014_acceptorder_codecoupon_customer_codecoupon_and_more	2022-11-22 12:59:46.723877+00
40	AutomationApp	0015_alter_acceptorder_customername_and_more	2022-11-24 18:03:03.914042+00
\.


--
-- Data for Name: django_session; Type: TABLE DATA; Schema: public; Owner: -
--

COPY public.django_session (session_key, session_data, expire_date) FROM stdin;
e7ajn9jnuc52cqrgaeofphv38i93thbv	.eJxVjEEOwiAQRe_C2hAQGMCl-56BzDBUqoYmpV0Z765NutDtf-_9l0i4rTVtvSxpYnERVpx-N8L8KG0HfMd2m2We27pMJHdFHrTLYebyvB7u30HFXr91VHGE7JE0gTdgkLlQ9BZ9RutMVDA61p6hKETIkYI56-yDCwVIM4v3B_CPOEE:1otgI6:enb13Kr51BJ7hiHFJZsqRy2LTsLmm0fPfGpm6HwQ1K8	2022-11-26 02:30:42.880498+00
5wj113c1mvdi6yxrjgte84qt45rjzscn	.eJxVjEEOwiAQRe_C2hBgIIJL956BzMAgVUOT0q6Md5cmXej2v_ffW0Tc1hq3zkucsrgIEKffjTA9ue0gP7DdZ5nmti4TyV2RB-3yNmd-XQ_3L1Cx1_FWxmksbF3SRGTBFvTKpJA96exygbP2o1ZAWQdGMwYbhswmaKsMOPH5AuyYN4g:1osMDZ:aosQFIf0ri3TH-eZ6ACxbm-oRq2MjnuZNb4zX9K59Vo	2022-11-22 10:52:33.363833+00
o3ezvep570fpmi5w6r6idgktm6pj5455	.eJxVjEEOwiAQRe_C2hAQGMCl-56BzDBUqoYmpV0Z765NutDtf-_9l0i4rTVtvSxpYnERVpx-N8L8KG0HfMd2m2We27pMJHdFHrTLYebyvB7u30HFXr91VHGE7JE0gTdgkLlQ9BZ9RutMVDA61p6hKETIkYI56-yDCwVIM4v3B_CPOEE:1otng1:oc58Y4MwvR4BSNJNKSbvpQJxwBOcgonpgZMVnJ_q6Ko	2022-11-26 10:23:53.463824+00
8nk8582tsyjovlvzyu9ru08kqt8l01kz	.eJxVjEEOwiAQRe_C2hBgIIJL956BzMAgVUOT0q6Md5cmXej2v_ffW0Tc1hq3zkucsrgIEKffjTA9ue0gP7DdZ5nmti4TyV2RB-3yNmd-XQ_3L1Cx1_FWxmksbF3SRGTBFvTKpJA96exygbP2o1ZAWQdGMwYbhswmaKsMOPH5AuyYN4g:1osWws:jPZpXe1NEYaT76ct-zPSLAtLXamd7W514BaRd5EDpOc	2022-11-22 22:20:02.591227+00
88l8m8jg762800qkfke6aivswn2qe1ks	.eJxVjEsKwjAUAO-StYSXNB_r0r1nKO8XW5UWmnYl3l0CXeh2Zpi3GXDfxmGvug6TmIvJ5vTLCPmpcxPywPm-WF7mbZ3ItsQettrbIvq6Hu3fYMQ6ti0Wp9FF4U5zDAFJujP3vYomnxJQz1qKFyQg0OwAHHpfYgrAHAqYzxcESDiA:1ouTw6:SAe6aUItlhKmaB6_0sXgCKWwjvaq_eRbPjIRG8XSdw4	2022-11-28 07:31:18.435301+00
27hyigtwpxohgq2dbwvtvn7c9n6joaz6	.eJxVjEEOwiAQRe_C2hAQGMCl-56BzDBUqoYmpV0Z765NutDtf-_9l0i4rTVtvSxpYnERVpx-N8L8KG0HfMd2m2We27pMJHdFHrTLYebyvB7u30HFXr91VHGE7JE0gTdgkLlQ9BZ9RutMVDA61p6hKETIkYI56-yDCwVIM4v3B_CPOEE:1ouWDR:0gZaalHGPsCVGsA-OB3KO6Z8Ezzf1wA2x9NrnAMx3FY	2022-11-28 09:57:21.793413+00
yrj1lll7aqvu55iw9rohwm6zvn259fio	.eJxVjEEOwiAQRe_C2hCQdihduvcMZGCmFjVgSptojHfXmi50-9_77yk8LvPol8qTTyR60Yjd7xYwXjivgM6YT0XGkucpBbkqcqNVHgvx9bC5f4ER6_h5O-UGiBaDDmANGCTi4GyDNmLTGqdgaElbAlaIEF3ozF5H27UdQ9D0jVauNZXs-X5L00P06vUGn_k_fg:1oslPX:fsoV2KqB3yrOlPdbfk_Ok-ESsO4kgPkmH2wxcR4A6Os	2022-11-23 13:46:35.603305+00
k30ygxxv8k4o4guwe1vbvrztmsilk7jm	.eJxVjEEOwiAQRe_C2hAQGMCl-56BzDBUqoYmpV0Z765NutDtf-_9l0i4rTVtvSxpYnERVpx-N8L8KG0HfMd2m2We27pMJHdFHrTLYebyvB7u30HFXr91VHGE7JE0gTdgkLlQ9BZ9RutMVDA61p6hKETIkYI56-yDCwVIM4v3B_CPOEE:1oslxd:pZv5ceXW5KsaGbueLCSXcmMFgQUtU7YdJli7cOHW8RQ	2022-11-23 14:21:49.145742+00
ltczuofi0dbcazk46qsi6274t0248wbs	.eJxVjEEOwiAQRe_C2hCQdihduvcMZGCmFjVgSptojHfXmi50-9_77yk8LvPol8qTTyR60Yjd7xYwXjivgM6YT0XGkucpBbkqcqNVHgvx9bC5f4ER6_h5O-UGiBaDDmANGCTi4GyDNmLTGqdgaElbAlaIEF3ozF5H27UdQ9D0jVauNZXs-X5L00P06vUGn_k_fg:1osxfZ:JP5g3DqPwOpdhjvWcF_zdyo_lIbxYZBC6wK4OJd0yuU	2022-11-24 02:51:57.543279+00
wivdfdevdbnn05p73oihodzyai1fzl45	.eJxVjEEOwiAQRe_C2hAQGMCl-56BzDBUqoYmpV0Z765NutDtf-_9l0i4rTVtvSxpYnERVpx-N8L8KG0HfMd2m2We27pMJHdFHrTLYebyvB7u30HFXr91VHGE7JE0gTdgkLlQ9BZ9RutMVDA61p6hKETIkYI56-yDCwVIM4v3B_CPOEE:1ot4E0:aZZSIt6wmVR8wiDoFd8_jxDGFEfmqvuRbMOUQGpe1_s	2022-11-24 09:51:56.057988+00
w9tbtq93jm5fhxji3ykuppkhaio7wom3	.eJxVjDsOwyAQBe9CHSFYg4CU6XMGtOwuwUlkS_5UVu4eW3KRtG9m3qYyrkvL6yxT7lldlVeX360gvWQ4AD9xeIyaxmGZ-qIPRZ901veR5X073b-DhnPb6xqt-JBiBQkCVozzxIAcKtSOTYLkwO-CszGJDYSVbOrAUDEU0LP6fAHdCzey:1otOro:W4Doaz9jjJEStqAbMXSgPfH-u-070o_wjoYBfb49OzU	2022-11-25 07:54:24.142725+00
xygqsnaltwjp7tuak3pbv4w53o66eae5	.eJxVjMsOwiAQRf-FtSFQysule7-BDMwgVQNJaVfGf1eSLnR7zrn3xQLsWwl7pzUsyM7MsNMvi5AeVIfAO9Rb46nVbV0iHwk_bOfXhvS8HO3fQYFexlq7jE45CZD8NGcB0hmyImuMCUipPEVNxoNUyYLxiPilJmsnrJptZu8PBEM4og:1otOyx:TyXoxV-A3HzfcN698Z3J3-9Iy601z2Z91_UGAjedHk8	2022-11-25 08:01:47.802893+00
da68m8prq22ubs8lng1pako0cyz1xlh5	.eJxVjDsOwjAQBe_iGlnOxr-lpM8ZLH_WOIBsKU4qxN1JpBTQvpl5b-b8tha3dVrcnNiVAbv8bsHHJ9UDpIev98Zjq-syB34o_KSdTy3R63a6fwfF97LXSDqRAY9xJGmj0gohoiEZRNZ6EJBBBLNbfhyVMkIMFqMEEjYHNAjs8wXVWzb-:1otTEE:NeC0mRxja_3dSCo-EHaHT_s5EizpEMe-LBOtiet4YUU	2022-11-25 12:33:50.092643+00
12gfz9xu0eww4zgsbpau18tyo2b7sq91	.eJxVjDEOwyAQBP9CHSEwxnAp0_sN6OC44CTCkrGrKH-PLblImi12ZvctAm5rCVvLS5hIXIUWl98uYnrmegB6YL3PMs11XaYoD0WetMlxpvy6ne7fQcFW9rVBo-OgiE3cwzkyxBA1KEZtjWUA1zNg1yvLBD6zssmg8oPnCKoD8fkC7dc34Q:1otTEl:VA1iWIbW3d81zBr_F4NaZqGZJQD3ldk4Ql6f0aTMHXU	2022-11-25 12:34:23.874336+00
0hmpnuv2nviuqagfivfow476mg3vi94g	.eJxVjEEOwiAQRe_C2pAWGCAu3XsGMgyMVA0kpV013t026UK3_733NxFwXUpYe57DlMRVeHH53SLSK9cDpCfWR5PU6jJPUR6KPGmX95by-3a6fwcFe9lrDRksGgU-2mQse1accGQyTjnSyJQBHLDVMe_ayAkGYhXBG-f1wOLzBfUpOEM:1oum5g:azAcJZTi58NHDAVg3qRcLnm4kKvwOk9Znrdx-j3MeZc	2022-11-29 02:54:24.558115+00
auqys6gt9agxnexd3v93a6ic60d8i5xt	.eJxVjEEOwiAQRe_C2hAQGMCl-56BzDBUqoYmpV0Z765NutDtf-_9l0i4rTVtvSxpYnERVpx-N8L8KG0HfMd2m2We27pMJHdFHrTLYebyvB7u30HFXr91VHGE7JE0gTdgkLlQ9BZ9RutMVDA61p6hKETIkYI56-yDCwVIM4v3B_CPOEE:1our45:xHiFoeLbSZKM4OqKFjDElT-eioFaQfgTWTONIOTLLeA	2022-11-29 08:13:05.01436+00
vb5pg1gnu3e6847mlkk4whfq3uwj4eat	.eJxVjEEOgjAQRe_StWmmw1Bal-45QzPtjIIaSCisjHdXEha6_e-9_zKJt3VIW9UljWLOJprT75a5PHTagdx5us22zNO6jNnuij1otf0s-rwc7t_BwHX41pQZiZrAka5dKQRUEF0QiNh6AQaOwiGiazsH6n1ED4JKTfaqQcG8P8cTNww:1ourhc:5bKQXpOI626kAQAVRH3VZJwmyq-I2sPr0a9ORsGSSLk	2022-11-29 08:53:56.22191+00
gt523b8h29pl0hyaajz0cd2tt3opnk0f	.eJxVjEEOwiAQRe_C2hAQGMCl-56BzDBUqoYmpV0Z765NutDtf-_9l0i4rTVtvSxpYnERVpx-N8L8KG0HfMd2m2We27pMJHdFHrTLYebyvB7u30HFXr91VHGE7JE0gTdgkLlQ9BZ9RutMVDA61p6hKETIkYI56-yDCwVIM4v3B_CPOEE:1outd0:HSW8ukL-N-X7qGBho9xjgqCDoE2otoQk-QtF2SzNBWA	2022-11-29 10:57:18.389586+00
wdtepnx7xbfcpdyzlcemjivh80oyzt1x	.eJxVjEEOwiAQRe_C2hAQGMCl-56BzDBUqoYmpV0Z765NutDtf-_9l0i4rTVtvSxpYnERVpx-N8L8KG0HfMd2m2We27pMJHdFHrTLYebyvB7u30HFXr91VHGE7JE0gTdgkLlQ9BZ9RutMVDA61p6hKETIkYI56-yDCwVIM4v3B_CPOEE:1ov6mz:7EQM4Yv7AaAMzf2APLJrV-7YhOvFCXWPaD7USeWJMoM	2022-11-30 01:00:29.180336+00
l22ix7xt0agdocvx8ll7rbilum60ial9	.eJxVjEEOwiAQRe_C2pAZQpG6dO8ZyMAMUjWQlHbVeHdt0oVu_3vvbyrQupSwdpnDxOqiENTpd4yUnlJ3wg-q96ZTq8s8Rb0r-qBd3xrL63q4fweFevnWES0KR49GcDgbQEFP1hsmb1KGbB07lBQBIaHzYhwDuCGPkh3TyOr9Afu-OBs:1ovZTB:iIP2JpFjSoZgkCAQHN2pzgUnjsr8ke0UIVjWPDteee8	2022-12-01 07:37:57.406308+00
j66lyv2p4ioe48a2zr21ti7kgxstuu0u	.eJxVjMEOwiAQRP-FsyEuSmE9evcbCLC7UjWQlPZk_HfbpAed47w381YhLnMJS-cpjKQuCkAdfssU85PrRugR673p3Oo8jUlvit5p17dG_Lru7t9Bib2saxFJwGLYGvRuyMkxnuRswWZcYwgjOIkgBjEDA_ijAxqyN-KQCNTnCxpZOC4:1ovZWB:wDxIH-qPoA22MQ4opJHtgBnnU6vfaJ97Hw2Gj2QBQ3Y	2022-12-01 07:41:03.370361+00
v217txqmmdxsqv3ex7zegqctaiby474b	.eJxVjMEOwiAQRP-FsyFAISwevfsNZJcFqRqalPbU-O-2SQ96m8x7M5uIuC41rj3PcWRxFdqIy29JmF65HYSf2B6TTFNb5pHkociTdnmfOL9vp_t3ULHXfa0wFBhQaUeOvbMqORMC2Aw5JE1IClxBMClYxsFZg3syyrMl6wGL-HwB-Vc31w:1ovuzw:6488kSi5eUVKmn7DGemM_bfSZf3h8KrRLZkvv9cKjwM	2022-12-02 06:37:12.746151+00
ext91hgbr1rlnxozg8qnwc3h4d2a1f9u	.eJxVjDsOwjAQBe_iGllrvLYxJX3OEO3H4ABKpDipEHeHSCmgfTPzXqandan92srcD2rOxnlz-B2Z5FHGjeidxttkZRqXeWC7KXanzXaTludld_8OKrX6rfHITiVxZnXFZwRQDIkARATInbKPWVAgambUFDT4woJ4jQgEjs37AwnwOBY:1oweeY:nt6LILfi7l0AJjSbn_LaXR3INwAGSwqPAGZII9-MDHc	2022-12-04 07:22:10.702536+00
zlgku3qswnjf87wlirpf0ybvdz5gs0u3	.eJxVjEEOwiAQRe_C2hAQGMCl-56BzDBUqoYmpV0Z765NutDtf-_9l0i4rTVtvSxpYnERVpx-N8L8KG0HfMd2m2We27pMJHdFHrTLYebyvB7u30HFXr91VHGE7JE0gTdgkLlQ9BZ9RutMVDA61p6hKETIkYI56-yDCwVIM4v3B_CPOEE:1owghP:MIIquJlHhn-y6JW_KN8vossuF2WgB39g-6Z-PCkuJ3k	2022-12-04 09:33:15.54986+00
b1mctyzqigv5qu7gbsa67y3b8lx51gl7	.eJxVjEEOwiAQRe_C2hAQGMCl-56BzDBUqoYmpV0Z765NutDtf-_9l0i4rTVtvSxpYnERVpx-N8L8KG0HfMd2m2We27pMJHdFHrTLYebyvB7u30HFXr91VHGE7JE0gTdgkLlQ9BZ9RutMVDA61p6hKETIkYI56-yDCwVIM4v3B_CPOEE:1ox7a4:NWB8okLtI6j_7CceJ42Zm_SgcIgZ6-AYahI9vV5kod8	2022-12-05 14:15:28.729869+00
vmagbblrg5z483cjke0cjnxl07z6bsfy	.eJxVjEEOwiAQRe_C2pABCgMu3XuGZjpMbdVAUtqV8e7apAvd_vfef6metnXqtyZLP2d1VqZTp99xIH5I2Um-U7lVzbWsyzzoXdEHbfpaszwvh_t3MFGbvnU0HjEE8t4aAUxACWJAhIQu5sFFtoadB-54hNEyZA7iJI9e0CeK6v0BzKs3Vg:1oxPoT:v0EVLrX7YXdWtDEuY_DvY27_74YRkaVtnZSB9L-X4lQ	2022-12-06 09:43:33.593991+00
xbfpwdjekaqgjrjjw13hvvalaictxzl7	.eJxVjEEOwiAQRe_C2hAQGMCl-56BzDBUqoYmpV0Z765NutDtf-_9l0i4rTVtvSxpYnERVpx-N8L8KG0HfMd2m2We27pMJHdFHrTLYebyvB7u30HFXr91VHGE7JE0gTdgkLlQ9BZ9RutMVDA61p6hKETIkYI56-yDCwVIM4v3B_CPOEE:1oxSyb:GGbOG-9Pn8Bwu04X95IibzMgwnx50XwH38wmzSsVkUQ	2022-12-06 13:06:13.700807+00
frc26e4nz3q65jn8kqonn3hmn4sr2roa	.eJxVjEEOwiAQRe_C2hAYHGhduu8ZyMAMUjVtUtqV8e7apAvd_vfef6lI21rj1mSJI6uLsqhOv2Oi_JBpJ3yn6TbrPE_rMia9K_qgTQ8zy_N6uH8HlVr91thL6jMa7yxB6YTFGsCSqQiG3goYZCiJzsGzAQ7gMDtHwNRl7wOq9wcU_Dgv:1oxjsx:XyHtwajcWWO1WjypkmdJ4YIr4dDw4YuB0NUr3CJPdyQ	2022-12-07 07:09:31.202824+00
72x2rj0upmtph36vka628vxfv0i72b6x	.eJxVjEEOwiAQRe_C2hAQGMCl-56BzDBUqoYmpV0Z765NutDtf-_9l0i4rTVtvSxpYnERVpx-N8L8KG0HfMd2m2We27pMJHdFHrTLYebyvB7u30HFXr91VHGE7JE0gTdgkLlQ9BZ9RutMVDA61p6hKETIkYI56-yDCwVIM4v3B_CPOEE:1oxqBh:YshEwFutk-9uBclN1GSC-LOHwS3iAyFQ4ttXT0fPRgk	2022-12-07 13:53:17.680421+00
uvtad6qys3f1v7bfhikqlqnvfc4gtitx	.eJxVjEEOwiAQRe_C2hAQGMCl-56BzDBUqoYmpV0Z765NutDtf-_9l0i4rTVtvSxpYnERVpx-N8L8KG0HfMd2m2We27pMJHdFHrTLYebyvB7u30HFXr91VHGE7JE0gTdgkLlQ9BZ9RutMVDA61p6hKETIkYI56-yDCwVIM4v3B_CPOEE:1oxqFI:RtWk-UW-2COpP0QBftT2Kb-i1OBoMaFWZXOpVmg8RKg	2022-12-07 13:57:00.643473+00
5yot0y2v9cz5rz5r3kg1igbpjkwyrihq	.eJxVjDEOgzAMRe-SuYocEkPUsXvPEBnbKbRVkAhMqHcvSAzt-t_7bzOJ1mVIa9U5jWKuxrXm8jv2xC8tB5EnlcdkeSrLPPb2UOxJq71Pou_b6f4FBqrD_u5UBHzDmgFYemy8R_Wt6wKJ4wgZM2eWNiDiXmVQYodAGLsYQ3Dm8wUmqjiA:1oy1U0:50Amvii38Fetvkg65fziFsttEnYKCodXlmEr93lH-TI	2022-12-08 01:56:56.206725+00
obimcb9xan6q34kb7y7i63er9jeoh6ja	.eJxVjEEOgjAQRe_StWmmFArj0j1naGamrUVNSSisjHcXEha6_e-9_1aetjX7rcbFT0FdlenV5XdkkmcsBwkPKvdZy1zWZWJ9KPqkVY9ziK_b6f4dZKp5ry3azgVnbTIsIARJnE1IlGDoejLYNhgAHRC2g2mYgSI6RI5pt0TU5wsDyThv:1oy1cV:q70mjiNb6ZsxzNabI8SBpZbOQY5SJ02nKNWv9HuTlr8	2022-12-08 02:05:43.139007+00
fztnv82qzjce9j6jl29v3nxuvh9x5gzg	.eJxVjEEOwiAQRe_C2hCQdihduvcMZGCmFjVgSptojHfXmi50-9_77yk8LvPol8qTTyR60Yjd7xYwXjivgM6YT0XGkucpBbkqcqNVHgvx9bC5f4ER6_h5O-UGiBaDDmANGCTi4GyDNmLTGqdgaElbAlaIEF3ozF5H27UdQ9D0jVauNZXs-X5L00P06vUGn_k_fg:1oyVc3:iRIngKLceccjBO3RHfLNl8botbM-ylimrsdPSUi_YuU	2022-12-09 10:07:15.228177+00
xjkg6mwrowto7swiyvsoakwb6xm2wwe8	.eJxVjDsOwjAQBe_iGlnOxr-lpM8ZLH_WOIBsKU4qxN1JpBTQvpl5b-b8tha3dVrcnNiVAbv8bsHHJ9UDpIev98Zjq-syB34o_KSdTy3R63a6fwfF97LXSDqRAY9xJGmj0gohoiEZRNZ6EJBBBLNbfhyVMkIMFqMEEjYHNAjs8wXVWzb-:1oyosI:x_jqV9vYPW_uycsCxr9SuncOoRp-EPQpXLxQ17gu1bg	2022-12-10 06:41:18.35235+00
crur4xpi88dwv45tmysc0qck3yzyyfxb	.eJxVjEEOwiAQRe_C2hCQdihduvcMZGCmFjVgSptojHfXmi50-9_77yk8LvPol8qTTyR60Yjd7xYwXjivgM6YT0XGkucpBbkqcqNVHgvx9bC5f4ER6_h5O-UGiBaDDmANGCTi4GyDNmLTGqdgaElbAlaIEF3ozF5H27UdQ9D0jVauNZXs-X5L00P06vUGn_k_fg:1oyp5f:GdIDfO8PP1W1pq8azYhMho5uptRLz7_Xu9J3kFO__pc	2022-12-10 06:55:07.670361+00
cim83wv42c0zn9a05h8m15c29nlibqh2	.eJxVjEEOwiAQRe_C2hCQdihduvcMZGCmFjVgSptojHfXmi50-9_77yk8LvPol8qTTyR60Yjd7xYwXjivgM6YT0XGkucpBbkqcqNVHgvx9bC5f4ER6_h5O-UGiBaDDmANGCTi4GyDNmLTGqdgaElbAlaIEF3ozF5H27UdQ9D0jVauNZXs-X5L00P06vUGn_k_fg:1oysPO:z_vZpyeL-6H6enyPusbZQN3b5e8qcmOeV2GDMF4dnuU	2022-12-10 10:27:42.157829+00
52kigowdvjyu26jtjc5ejxdmlfmw8lh0	.eJxVjMsOwiAQRf-FtSF0GGFw6b7f0AwD2KqBpI-V8d-1SRe6veec-1IDb-s4bEuehympi-pInX7HyPLIdSfpzvXWtLS6zlPUu6IPuui-pfy8Hu7fwcjL-K0LYwle0BSwiBbd2UEAscWij-Q6co7BEBqQaChEoC6kLCTeEhtf1PsD3qg2-A:1oyuEE:FHqB1zTvw9mSDbEcwah_5GhoVn4UfANVGn3z08_pyEw	2022-12-10 12:24:18.118397+00
8yz8frekhd66nzro7x6jnzomksdj0gay	.eJxVjEEOwiAQRe_C2hCQdihduvcMZGCmFjVgSptojHfXmi50-9_77yk8LvPol8qTTyR60Yjd7xYwXjivgM6YT0XGkucpBbkqcqNVHgvx9bC5f4ER6_h5O-UGiBaDDmANGCTi4GyDNmLTGqdgaElbAlaIEF3ozF5H27UdQ9D0jVauNZXs-X5L00P06vUGn_k_fg:1ozFCe:ldoKhCgAKK2qtfsBGV543Vf2ENH6qnc4oc5sb4wA9Ig	2022-12-11 10:48:04.625534+00
80b0o7sm9cp5w7r1i6a52byhses98l4a	.eJxVjDsOwjAQBe_iGllZ_6KlpOcM1tq7xgHkSHFSIe4OkVJA-2bmvVSkba1x67LEidVZAarT75goP6TthO_UbrPOc1uXKeld0Qft-jqzPC-H-3dQqddvXchaoETFGABEJw4pOBjFD0OhkoAysGEvQQDABgqjhGIQvXWWM6r3Bw-FN_s:1ozFMS:ykDQqsX4jcMQnp3QAu2-O6n4Mx9a6OrI2HhObPzgOjU	2022-12-11 10:58:12.02593+00
tbjyi7d47vcnas8im9qcppusxgn8tlaq	.eJxVjEEOwiAQRe_C2hCQdihduvcMZGCmFjVgSptojHfXmi50-9_77yk8LvPol8qTTyR60Yjd7xYwXjivgM6YT0XGkucpBbkqcqNVHgvx9bC5f4ER6_h5O-UGiBaDDmANGCTi4GyDNmLTGqdgaElbAlaIEF3ozF5H27UdQ9D0jVauNZXs-X5L00P06vUGn_k_fg:1ozFXN:TLgAVrNZVxSAJopBZ3ENEL6hWqD46y1W8FE-vWHvFxU	2022-12-11 11:09:29.106815+00
2u31tupmtk7bu39cnhl27zbnu8b4x9gq	.eJxVjEEOwiAQRe_C2hBgIIJL956BzMAgVUOT0q6Md5cmXej2v_ffW0Tc1hq3zkucsrgIEKffjTA9ue0gP7DdZ5nmti4TyV2RB-3yNmd-XQ_3L1Cx1_FWxmksbF3SRGTBFvTKpJA96exygbP2o1ZAWQdGMwYbhswmaKsMOPH5AuyYN4g:1ozGAd:t5Xn4GckKI-lyzuUfy7il-blmFrT-q6vv06O8h6jt_o	2022-12-11 11:50:03.029125+00
j8m1jxjgumrieo60ujar663s6u1geoak	.eJxVjEEOwiAQRe_C2hCQdihduvcMZGCmFjVgSptojHfXmi50-9_77yk8LvPol8qTTyR60Yjd7xYwXjivgM6YT0XGkucpBbkqcqNVHgvx9bC5f4ER6_h5O-UGiBaDDmANGCTi4GyDNmLTGqdgaElbAlaIEF3ozF5H27UdQ9D0jVauNZXs-X5L00P06vUGn_k_fg:1ozXAZ:0oRkdDVlIxzfbQIErOVsHp0wPFKap8UjqQ4HkTJyiaU	2022-12-12 05:59:07.315301+00
in907q0wjcle0fdr2jayqydgtpc4nbjh	.eJxVjDsOwjAQBe_iGlnOxr-lpM8ZLH_WOIBsKU4qxN1JpBTQvpl5b-b8tha3dVrcnNiVAbv8bsHHJ9UDpIev98Zjq-syB34o_KSdTy3R63a6fwfF97LXSDqRAY9xJGmj0gohoiEZRNZ6EJBBBLNbfhyVMkIMFqMEEjYHNAjs8wXVWzb-:1ozXUC:1xMsbk-WiwIJS3T9ENgZPAAJPJFPJ_SHbIaKMQNloPI	2022-12-12 06:19:24.11054+00
hi4tasa807q7eb3edtr5o2m0i0iztz9d	.eJxVjDsOwyAQRO9CHSG-xqRM7zOgXViCkwhLxq6i3D1YcpE0U8x7M28WYN9K2ButYU7sypRgl98SIT6pHiQ9oN4XHpe6rTPyQ-EnbXxaEr1up_t3UKCVvo4OrCDKxjpHMIyIKL3qaUQSETwRSqO1lMnl0QNmKZRXNmqN3XUD-3wBKqQ4sQ:1ozZmE:_HPvjGjwft0SbXxSbEEpg2IjBiUtSj4SkqBkdrn60U0	2022-12-12 08:46:10.324217+00
acw5ywmzoth04yf91b2jekm390mvu3co	.eJxVjEEOwiAQRe_C2hCQdihduvcMZGCmFjVgSptojHfXmi50-9_77yk8LvPol8qTTyR60Yjd7xYwXjivgM6YT0XGkucpBbkqcqNVHgvx9bC5f4ER6_h5O-UGiBaDDmANGCTi4GyDNmLTGqdgaElbAlaIEF3ozF5H27UdQ9D0jVauNZXs-X5L00P06vUGn_k_fg:1ozZui:zQYkqvGiR8kHq7F0618uPmOw5xoZh1XeICBCPEb3OC0	2022-12-12 08:54:56.435755+00
smeqhq7gm7gjllriqdkho5ddip7xki4k	.eJxVjEEOwiAQRe_C2hAQGMCl-56BzDBUqoYmpV0Z765NutDtf-_9l0i4rTVtvSxpYnERVpx-N8L8KG0HfMd2m2We27pMJHdFHrTLYebyvB7u30HFXr91VHGE7JE0gTdgkLlQ9BZ9RutMVDA61p6hKETIkYI56-yDCwVIM4v3B_CPOEE:1ozbMB:95KdBp7a1-tEvasyLPIHgoVXt8qeZ3wPgDRIm_19vDc	2022-12-12 10:27:23.774418+00
\.


--
-- Data for Name: django_site; Type: TABLE DATA; Schema: public; Owner: -
--

COPY public.django_site (id, domain, name) FROM stdin;
1	https://kgdcafe.herokuapp.com/index/onlineordertesting/4	https://kgdcafe.herokuapp.com/index/onlineordertes
2	https://kgdcafe.herokuapp.com/index/onlineorder/4	https://kgdcafe.herokuapp.com/index/onlineorder/4
3	https://kgdcafe.herokuapp.com/index/onlineorder/1	https://kgdcafe.herokuapp.com/index/onlineorder/1
4	https://kgdcafe.herokuapp.com/index/onlineordertesting/1	https://kgdcafe.herokuapp.com/index/onlineordertes
\.


--
-- Data for Name: socialaccount_socialaccount; Type: TABLE DATA; Schema: public; Owner: -
--

COPY public.socialaccount_socialaccount (id, provider, uid, last_login, date_joined, extra_data, user_id) FROM stdin;
\.


--
-- Data for Name: socialaccount_socialapp; Type: TABLE DATA; Schema: public; Owner: -
--

COPY public.socialaccount_socialapp (id, provider, name, client_id, secret, key) FROM stdin;
18	facebook	Facebook Login	322226503290078	cfeae2459eb01edf42b550b9048b9e43	
\.


--
-- Data for Name: socialaccount_socialtoken; Type: TABLE DATA; Schema: public; Owner: -
--

COPY public.socialaccount_socialtoken (id, token, token_secret, expires_at, account_id, app_id) FROM stdin;
\.


--
-- Name: AutomationApp_acceptorder_id_seq; Type: SEQUENCE SET; Schema: public; Owner: -
--

SELECT pg_catalog.setval('public."AutomationApp_acceptorder_id_seq"', 81, true);


--
-- Name: AutomationApp_acknowledgedstockorder_id_seq; Type: SEQUENCE SET; Schema: public; Owner: -
--

SELECT pg_catalog.setval('public."AutomationApp_acknowledgedstockorder_id_seq"', 1, false);


--
-- Name: AutomationApp_categories_id_seq; Type: SEQUENCE SET; Schema: public; Owner: -
--

SELECT pg_catalog.setval('public."AutomationApp_categories_id_seq"', 6, true);


--
-- Name: AutomationApp_categoriescoupon_id_seq; Type: SEQUENCE SET; Schema: public; Owner: -
--

SELECT pg_catalog.setval('public."AutomationApp_categoriescoupon_id_seq"', 3, true);


--
-- Name: AutomationApp_couponlist_id_seq; Type: SEQUENCE SET; Schema: public; Owner: -
--

SELECT pg_catalog.setval('public."AutomationApp_couponlist_id_seq"', 143, true);


--
-- Name: AutomationApp_customer_id_seq; Type: SEQUENCE SET; Schema: public; Owner: -
--

SELECT pg_catalog.setval('public."AutomationApp_customer_id_seq"', 63, true);


--
-- Name: AutomationApp_dailysales_id_seq; Type: SEQUENCE SET; Schema: public; Owner: -
--

SELECT pg_catalog.setval('public."AutomationApp_dailysales_id_seq"', 198, true);


--
-- Name: AutomationApp_psizes_id_seq; Type: SEQUENCE SET; Schema: public; Owner: -
--

SELECT pg_catalog.setval('public."AutomationApp_psizes_id_seq"', 2, true);


--
-- Name: AutomationApp_punchedprod_id_seq; Type: SEQUENCE SET; Schema: public; Owner: -
--

SELECT pg_catalog.setval('public."AutomationApp_punchedprod_id_seq"', 1, false);


--
-- Name: AutomationApp_punchedprodso_id_seq; Type: SEQUENCE SET; Schema: public; Owner: -
--

SELECT pg_catalog.setval('public."AutomationApp_punchedprodso_id_seq"', 1, false);


--
-- Name: AutomationApp_queue1_id_seq; Type: SEQUENCE SET; Schema: public; Owner: -
--

SELECT pg_catalog.setval('public."AutomationApp_queue1_id_seq"', 95, true);


--
-- Name: AutomationApp_queue2_id_seq; Type: SEQUENCE SET; Schema: public; Owner: -
--

SELECT pg_catalog.setval('public."AutomationApp_queue2_id_seq"', 20, true);


--
-- Name: AutomationApp_queue3_id_seq; Type: SEQUENCE SET; Schema: public; Owner: -
--

SELECT pg_catalog.setval('public."AutomationApp_queue3_id_seq"', 1, true);


--
-- Name: AutomationApp_rejectorder_id_seq; Type: SEQUENCE SET; Schema: public; Owner: -
--

SELECT pg_catalog.setval('public."AutomationApp_rejectorder_id_seq"', 12, true);


--
-- Name: AutomationApp_saecat_id_seq; Type: SEQUENCE SET; Schema: public; Owner: -
--

SELECT pg_catalog.setval('public."AutomationApp_saecat_id_seq"', 2, true);


--
-- Name: AutomationApp_saesubcate_id_seq; Type: SEQUENCE SET; Schema: public; Owner: -
--

SELECT pg_catalog.setval('public."AutomationApp_saesubcate_id_seq"', 7, true);


--
-- Name: AutomationApp_saesubcats_id_seq; Type: SEQUENCE SET; Schema: public; Owner: -
--

SELECT pg_catalog.setval('public."AutomationApp_saesubcats_id_seq"', 6, true);


--
-- Name: AutomationApp_sales_id_seq; Type: SEQUENCE SET; Schema: public; Owner: -
--

SELECT pg_catalog.setval('public."AutomationApp_sales_id_seq"', 189, true);


--
-- Name: AutomationApp_sizes_id_seq; Type: SEQUENCE SET; Schema: public; Owner: -
--

SELECT pg_catalog.setval('public."AutomationApp_sizes_id_seq"', 3, true);


--
-- Name: AutomationApp_subcategories_id_seq; Type: SEQUENCE SET; Schema: public; Owner: -
--

SELECT pg_catalog.setval('public."AutomationApp_subcategories_id_seq"', 5, true);


--
-- Name: AutomationApp_submitstockorder_id_seq; Type: SEQUENCE SET; Schema: public; Owner: -
--

SELECT pg_catalog.setval('public."AutomationApp_submitstockorder_id_seq"', 1, false);


--
-- Name: AutomationApp_timesheet_id_seq; Type: SEQUENCE SET; Schema: public; Owner: -
--

SELECT pg_catalog.setval('public."AutomationApp_timesheet_id_seq"', 1, false);


--
-- Name: AutomationApp_user1_id_seq; Type: SEQUENCE SET; Schema: public; Owner: -
--

SELECT pg_catalog.setval('public."AutomationApp_user1_id_seq"', 202, true);


--
-- Name: account_emailaddress_id_seq; Type: SEQUENCE SET; Schema: public; Owner: -
--

SELECT pg_catalog.setval('public.account_emailaddress_id_seq', 1, false);


--
-- Name: account_emailconfirmation_id_seq; Type: SEQUENCE SET; Schema: public; Owner: -
--

SELECT pg_catalog.setval('public.account_emailconfirmation_id_seq', 1, false);


--
-- Name: auth_group_id_seq; Type: SEQUENCE SET; Schema: public; Owner: -
--

SELECT pg_catalog.setval('public.auth_group_id_seq', 1, false);


--
-- Name: auth_group_permissions_id_seq; Type: SEQUENCE SET; Schema: public; Owner: -
--

SELECT pg_catalog.setval('public.auth_group_permissions_id_seq', 1, false);


--
-- Name: auth_permission_id_seq; Type: SEQUENCE SET; Schema: public; Owner: -
--

SELECT pg_catalog.setval('public.auth_permission_id_seq', 152, true);


--
-- Name: auth_user_groups_id_seq; Type: SEQUENCE SET; Schema: public; Owner: -
--

SELECT pg_catalog.setval('public.auth_user_groups_id_seq', 1, false);


--
-- Name: auth_user_id_seq; Type: SEQUENCE SET; Schema: public; Owner: -
--

SELECT pg_catalog.setval('public.auth_user_id_seq', 20, true);


--
-- Name: auth_user_user_permissions_id_seq; Type: SEQUENCE SET; Schema: public; Owner: -
--

SELECT pg_catalog.setval('public.auth_user_user_permissions_id_seq', 1, false);


--
-- Name: django_admin_log_id_seq; Type: SEQUENCE SET; Schema: public; Owner: -
--

SELECT pg_catalog.setval('public.django_admin_log_id_seq', 313, true);


--
-- Name: django_content_type_id_seq; Type: SEQUENCE SET; Schema: public; Owner: -
--

SELECT pg_catalog.setval('public.django_content_type_id_seq', 38, true);


--
-- Name: django_migrations_id_seq; Type: SEQUENCE SET; Schema: public; Owner: -
--

SELECT pg_catalog.setval('public.django_migrations_id_seq', 40, true);


--
-- Name: django_site_id_seq; Type: SEQUENCE SET; Schema: public; Owner: -
--

SELECT pg_catalog.setval('public.django_site_id_seq', 4, true);


--
-- Name: socialaccount_socialaccount_id_seq; Type: SEQUENCE SET; Schema: public; Owner: -
--

SELECT pg_catalog.setval('public.socialaccount_socialaccount_id_seq', 1, true);


--
-- Name: socialaccount_socialapp_id_seq; Type: SEQUENCE SET; Schema: public; Owner: -
--

SELECT pg_catalog.setval('public.socialaccount_socialapp_id_seq', 18, true);


--
-- Name: socialaccount_socialtoken_id_seq; Type: SEQUENCE SET; Schema: public; Owner: -
--

SELECT pg_catalog.setval('public.socialaccount_socialtoken_id_seq', 1, false);


--
-- Name: AutomationApp_acceptorder AutomationApp_acceptorder_pkey; Type: CONSTRAINT; Schema: public; Owner: -
--

ALTER TABLE ONLY public."AutomationApp_acceptorder"
    ADD CONSTRAINT "AutomationApp_acceptorder_pkey" PRIMARY KEY (id);


--
-- Name: AutomationApp_acknowledgedstockorder AutomationApp_acknowledgedstockorder_pkey; Type: CONSTRAINT; Schema: public; Owner: -
--

ALTER TABLE ONLY public."AutomationApp_acknowledgedstockorder"
    ADD CONSTRAINT "AutomationApp_acknowledgedstockorder_pkey" PRIMARY KEY (id);


--
-- Name: AutomationApp_categories AutomationApp_categories_pkey; Type: CONSTRAINT; Schema: public; Owner: -
--

ALTER TABLE ONLY public."AutomationApp_categories"
    ADD CONSTRAINT "AutomationApp_categories_pkey" PRIMARY KEY (id);


--
-- Name: AutomationApp_categoriescoupon AutomationApp_categoriescoupon_pkey; Type: CONSTRAINT; Schema: public; Owner: -
--

ALTER TABLE ONLY public."AutomationApp_categoriescoupon"
    ADD CONSTRAINT "AutomationApp_categoriescoupon_pkey" PRIMARY KEY (id);


--
-- Name: AutomationApp_couponlist AutomationApp_couponlist_pkey; Type: CONSTRAINT; Schema: public; Owner: -
--

ALTER TABLE ONLY public."AutomationApp_couponlist"
    ADD CONSTRAINT "AutomationApp_couponlist_pkey" PRIMARY KEY (id);


--
-- Name: AutomationApp_customer AutomationApp_customer_pkey; Type: CONSTRAINT; Schema: public; Owner: -
--

ALTER TABLE ONLY public."AutomationApp_customer"
    ADD CONSTRAINT "AutomationApp_customer_pkey" PRIMARY KEY (id);


--
-- Name: AutomationApp_dailysales AutomationApp_dailysales_pkey; Type: CONSTRAINT; Schema: public; Owner: -
--

ALTER TABLE ONLY public."AutomationApp_dailysales"
    ADD CONSTRAINT "AutomationApp_dailysales_pkey" PRIMARY KEY (id);


--
-- Name: AutomationApp_psizes AutomationApp_psizes_pkey; Type: CONSTRAINT; Schema: public; Owner: -
--

ALTER TABLE ONLY public."AutomationApp_psizes"
    ADD CONSTRAINT "AutomationApp_psizes_pkey" PRIMARY KEY (id);


--
-- Name: AutomationApp_punchedprod AutomationApp_punchedprod_pkey; Type: CONSTRAINT; Schema: public; Owner: -
--

ALTER TABLE ONLY public."AutomationApp_punchedprod"
    ADD CONSTRAINT "AutomationApp_punchedprod_pkey" PRIMARY KEY (id);


--
-- Name: AutomationApp_punchedprodso AutomationApp_punchedprodso_pkey; Type: CONSTRAINT; Schema: public; Owner: -
--

ALTER TABLE ONLY public."AutomationApp_punchedprodso"
    ADD CONSTRAINT "AutomationApp_punchedprodso_pkey" PRIMARY KEY (id);


--
-- Name: AutomationApp_queue1 AutomationApp_queue1_pkey; Type: CONSTRAINT; Schema: public; Owner: -
--

ALTER TABLE ONLY public."AutomationApp_queue1"
    ADD CONSTRAINT "AutomationApp_queue1_pkey" PRIMARY KEY (id);


--
-- Name: AutomationApp_queue2 AutomationApp_queue2_pkey; Type: CONSTRAINT; Schema: public; Owner: -
--

ALTER TABLE ONLY public."AutomationApp_queue2"
    ADD CONSTRAINT "AutomationApp_queue2_pkey" PRIMARY KEY (id);


--
-- Name: AutomationApp_queue3 AutomationApp_queue3_pkey; Type: CONSTRAINT; Schema: public; Owner: -
--

ALTER TABLE ONLY public."AutomationApp_queue3"
    ADD CONSTRAINT "AutomationApp_queue3_pkey" PRIMARY KEY (id);


--
-- Name: AutomationApp_rejectorder AutomationApp_rejectorder_pkey; Type: CONSTRAINT; Schema: public; Owner: -
--

ALTER TABLE ONLY public."AutomationApp_rejectorder"
    ADD CONSTRAINT "AutomationApp_rejectorder_pkey" PRIMARY KEY (id);


--
-- Name: AutomationApp_saecat AutomationApp_saecat_pkey; Type: CONSTRAINT; Schema: public; Owner: -
--

ALTER TABLE ONLY public."AutomationApp_saecat"
    ADD CONSTRAINT "AutomationApp_saecat_pkey" PRIMARY KEY (id);


--
-- Name: AutomationApp_saesubcate AutomationApp_saesubcate_pkey; Type: CONSTRAINT; Schema: public; Owner: -
--

ALTER TABLE ONLY public."AutomationApp_saesubcate"
    ADD CONSTRAINT "AutomationApp_saesubcate_pkey" PRIMARY KEY (id);


--
-- Name: AutomationApp_saesubcats AutomationApp_saesubcats_pkey; Type: CONSTRAINT; Schema: public; Owner: -
--

ALTER TABLE ONLY public."AutomationApp_saesubcats"
    ADD CONSTRAINT "AutomationApp_saesubcats_pkey" PRIMARY KEY (id);


--
-- Name: AutomationApp_sales AutomationApp_sales_pkey; Type: CONSTRAINT; Schema: public; Owner: -
--

ALTER TABLE ONLY public."AutomationApp_sales"
    ADD CONSTRAINT "AutomationApp_sales_pkey" PRIMARY KEY (id);


--
-- Name: AutomationApp_sizes AutomationApp_sizes_pkey; Type: CONSTRAINT; Schema: public; Owner: -
--

ALTER TABLE ONLY public."AutomationApp_sizes"
    ADD CONSTRAINT "AutomationApp_sizes_pkey" PRIMARY KEY (id);


--
-- Name: AutomationApp_subcategories AutomationApp_subcategories_pkey; Type: CONSTRAINT; Schema: public; Owner: -
--

ALTER TABLE ONLY public."AutomationApp_subcategories"
    ADD CONSTRAINT "AutomationApp_subcategories_pkey" PRIMARY KEY (id);


--
-- Name: AutomationApp_submitstockorder AutomationApp_submitstockorder_pkey; Type: CONSTRAINT; Schema: public; Owner: -
--

ALTER TABLE ONLY public."AutomationApp_submitstockorder"
    ADD CONSTRAINT "AutomationApp_submitstockorder_pkey" PRIMARY KEY (id);


--
-- Name: AutomationApp_timesheet AutomationApp_timesheet_pkey; Type: CONSTRAINT; Schema: public; Owner: -
--

ALTER TABLE ONLY public."AutomationApp_timesheet"
    ADD CONSTRAINT "AutomationApp_timesheet_pkey" PRIMARY KEY (id);


--
-- Name: AutomationApp_user1 AutomationApp_user1_pkey; Type: CONSTRAINT; Schema: public; Owner: -
--

ALTER TABLE ONLY public."AutomationApp_user1"
    ADD CONSTRAINT "AutomationApp_user1_pkey" PRIMARY KEY (id);


--
-- Name: account_emailaddress account_emailaddress_email_key; Type: CONSTRAINT; Schema: public; Owner: -
--

ALTER TABLE ONLY public.account_emailaddress
    ADD CONSTRAINT account_emailaddress_email_key UNIQUE (email);


--
-- Name: account_emailaddress account_emailaddress_pkey; Type: CONSTRAINT; Schema: public; Owner: -
--

ALTER TABLE ONLY public.account_emailaddress
    ADD CONSTRAINT account_emailaddress_pkey PRIMARY KEY (id);


--
-- Name: account_emailconfirmation account_emailconfirmation_key_key; Type: CONSTRAINT; Schema: public; Owner: -
--

ALTER TABLE ONLY public.account_emailconfirmation
    ADD CONSTRAINT account_emailconfirmation_key_key UNIQUE (key);


--
-- Name: account_emailconfirmation account_emailconfirmation_pkey; Type: CONSTRAINT; Schema: public; Owner: -
--

ALTER TABLE ONLY public.account_emailconfirmation
    ADD CONSTRAINT account_emailconfirmation_pkey PRIMARY KEY (id);


--
-- Name: auth_group auth_group_name_key; Type: CONSTRAINT; Schema: public; Owner: -
--

ALTER TABLE ONLY public.auth_group
    ADD CONSTRAINT auth_group_name_key UNIQUE (name);


--
-- Name: auth_group_permissions auth_group_permissions_group_id_permission_id_0cd325b0_uniq; Type: CONSTRAINT; Schema: public; Owner: -
--

ALTER TABLE ONLY public.auth_group_permissions
    ADD CONSTRAINT auth_group_permissions_group_id_permission_id_0cd325b0_uniq UNIQUE (group_id, permission_id);


--
-- Name: auth_group_permissions auth_group_permissions_pkey; Type: CONSTRAINT; Schema: public; Owner: -
--

ALTER TABLE ONLY public.auth_group_permissions
    ADD CONSTRAINT auth_group_permissions_pkey PRIMARY KEY (id);


--
-- Name: auth_group auth_group_pkey; Type: CONSTRAINT; Schema: public; Owner: -
--

ALTER TABLE ONLY public.auth_group
    ADD CONSTRAINT auth_group_pkey PRIMARY KEY (id);


--
-- Name: auth_permission auth_permission_content_type_id_codename_01ab375a_uniq; Type: CONSTRAINT; Schema: public; Owner: -
--

ALTER TABLE ONLY public.auth_permission
    ADD CONSTRAINT auth_permission_content_type_id_codename_01ab375a_uniq UNIQUE (content_type_id, codename);


--
-- Name: auth_permission auth_permission_pkey; Type: CONSTRAINT; Schema: public; Owner: -
--

ALTER TABLE ONLY public.auth_permission
    ADD CONSTRAINT auth_permission_pkey PRIMARY KEY (id);


--
-- Name: auth_user_groups auth_user_groups_pkey; Type: CONSTRAINT; Schema: public; Owner: -
--

ALTER TABLE ONLY public.auth_user_groups
    ADD CONSTRAINT auth_user_groups_pkey PRIMARY KEY (id);


--
-- Name: auth_user_groups auth_user_groups_user_id_group_id_94350c0c_uniq; Type: CONSTRAINT; Schema: public; Owner: -
--

ALTER TABLE ONLY public.auth_user_groups
    ADD CONSTRAINT auth_user_groups_user_id_group_id_94350c0c_uniq UNIQUE (user_id, group_id);


--
-- Name: auth_user auth_user_pkey; Type: CONSTRAINT; Schema: public; Owner: -
--

ALTER TABLE ONLY public.auth_user
    ADD CONSTRAINT auth_user_pkey PRIMARY KEY (id);


--
-- Name: auth_user_user_permissions auth_user_user_permissions_pkey; Type: CONSTRAINT; Schema: public; Owner: -
--

ALTER TABLE ONLY public.auth_user_user_permissions
    ADD CONSTRAINT auth_user_user_permissions_pkey PRIMARY KEY (id);


--
-- Name: auth_user_user_permissions auth_user_user_permissions_user_id_permission_id_14a6b632_uniq; Type: CONSTRAINT; Schema: public; Owner: -
--

ALTER TABLE ONLY public.auth_user_user_permissions
    ADD CONSTRAINT auth_user_user_permissions_user_id_permission_id_14a6b632_uniq UNIQUE (user_id, permission_id);


--
-- Name: auth_user auth_user_username_key; Type: CONSTRAINT; Schema: public; Owner: -
--

ALTER TABLE ONLY public.auth_user
    ADD CONSTRAINT auth_user_username_key UNIQUE (username);


--
-- Name: django_admin_log django_admin_log_pkey; Type: CONSTRAINT; Schema: public; Owner: -
--

ALTER TABLE ONLY public.django_admin_log
    ADD CONSTRAINT django_admin_log_pkey PRIMARY KEY (id);


--
-- Name: django_content_type django_content_type_app_label_model_76bd3d3b_uniq; Type: CONSTRAINT; Schema: public; Owner: -
--

ALTER TABLE ONLY public.django_content_type
    ADD CONSTRAINT django_content_type_app_label_model_76bd3d3b_uniq UNIQUE (app_label, model);


--
-- Name: django_content_type django_content_type_pkey; Type: CONSTRAINT; Schema: public; Owner: -
--

ALTER TABLE ONLY public.django_content_type
    ADD CONSTRAINT django_content_type_pkey PRIMARY KEY (id);


--
-- Name: django_migrations django_migrations_pkey; Type: CONSTRAINT; Schema: public; Owner: -
--

ALTER TABLE ONLY public.django_migrations
    ADD CONSTRAINT django_migrations_pkey PRIMARY KEY (id);


--
-- Name: django_session django_session_pkey; Type: CONSTRAINT; Schema: public; Owner: -
--

ALTER TABLE ONLY public.django_session
    ADD CONSTRAINT django_session_pkey PRIMARY KEY (session_key);


--
-- Name: django_site django_site_domain_a2e37b91_uniq; Type: CONSTRAINT; Schema: public; Owner: -
--

ALTER TABLE ONLY public.django_site
    ADD CONSTRAINT django_site_domain_a2e37b91_uniq UNIQUE (domain);


--
-- Name: django_site django_site_pkey; Type: CONSTRAINT; Schema: public; Owner: -
--

ALTER TABLE ONLY public.django_site
    ADD CONSTRAINT django_site_pkey PRIMARY KEY (id);


--
-- Name: socialaccount_socialaccount socialaccount_socialaccount_pkey; Type: CONSTRAINT; Schema: public; Owner: -
--

ALTER TABLE ONLY public.socialaccount_socialaccount
    ADD CONSTRAINT socialaccount_socialaccount_pkey PRIMARY KEY (id);


--
-- Name: socialaccount_socialaccount socialaccount_socialaccount_provider_uid_fc810c6e_uniq; Type: CONSTRAINT; Schema: public; Owner: -
--

ALTER TABLE ONLY public.socialaccount_socialaccount
    ADD CONSTRAINT socialaccount_socialaccount_provider_uid_fc810c6e_uniq UNIQUE (provider, uid);


--
-- Name: socialaccount_socialapp socialaccount_socialapp_pkey; Type: CONSTRAINT; Schema: public; Owner: -
--

ALTER TABLE ONLY public.socialaccount_socialapp
    ADD CONSTRAINT socialaccount_socialapp_pkey PRIMARY KEY (id);


--
-- Name: socialaccount_socialtoken socialaccount_socialtoken_app_id_account_id_fca4e0ac_uniq; Type: CONSTRAINT; Schema: public; Owner: -
--

ALTER TABLE ONLY public.socialaccount_socialtoken
    ADD CONSTRAINT socialaccount_socialtoken_app_id_account_id_fca4e0ac_uniq UNIQUE (app_id, account_id);


--
-- Name: socialaccount_socialtoken socialaccount_socialtoken_pkey; Type: CONSTRAINT; Schema: public; Owner: -
--

ALTER TABLE ONLY public.socialaccount_socialtoken
    ADD CONSTRAINT socialaccount_socialtoken_pkey PRIMARY KEY (id);


--
-- Name: AutomationApp_couponlist_category_id_15d228c2; Type: INDEX; Schema: public; Owner: -
--

CREATE INDEX "AutomationApp_couponlist_category_id_15d228c2" ON public."AutomationApp_couponlist" USING btree (category_id);


--
-- Name: AutomationApp_couponlist_user_id_5d01d96b; Type: INDEX; Schema: public; Owner: -
--

CREATE INDEX "AutomationApp_couponlist_user_id_5d01d96b" ON public."AutomationApp_couponlist" USING btree (user_id);


--
-- Name: AutomationApp_sales_Categoryaes_id_7499a284; Type: INDEX; Schema: public; Owner: -
--

CREATE INDEX "AutomationApp_sales_Categoryaes_id_7499a284" ON public."AutomationApp_sales" USING btree ("Categoryaes_id");


--
-- Name: AutomationApp_sales_Subcategorye_id_de88326c; Type: INDEX; Schema: public; Owner: -
--

CREATE INDEX "AutomationApp_sales_Subcategorye_id_de88326c" ON public."AutomationApp_sales" USING btree ("Subcategorye_id");


--
-- Name: AutomationApp_sales_Subcategorys_id_dca013d1; Type: INDEX; Schema: public; Owner: -
--

CREATE INDEX "AutomationApp_sales_Subcategorys_id_dca013d1" ON public."AutomationApp_sales" USING btree ("Subcategorys_id");


--
-- Name: AutomationApp_user1_Category_id_c2f1bf5a; Type: INDEX; Schema: public; Owner: -
--

CREATE INDEX "AutomationApp_user1_Category_id_c2f1bf5a" ON public."AutomationApp_user1" USING btree ("Category_id");


--
-- Name: AutomationApp_user1_PSize_id_84236761; Type: INDEX; Schema: public; Owner: -
--

CREATE INDEX "AutomationApp_user1_PSize_id_84236761" ON public."AutomationApp_user1" USING btree ("PSize_id");


--
-- Name: AutomationApp_user1_Size_id_ba74dd7c; Type: INDEX; Schema: public; Owner: -
--

CREATE INDEX "AutomationApp_user1_Size_id_ba74dd7c" ON public."AutomationApp_user1" USING btree ("Size_id");


--
-- Name: AutomationApp_user1_Subcategory_id_d291f94d; Type: INDEX; Schema: public; Owner: -
--

CREATE INDEX "AutomationApp_user1_Subcategory_id_d291f94d" ON public."AutomationApp_user1" USING btree ("Subcategory_id");


--
-- Name: AutomationApp_user1_user_id_5476a49e; Type: INDEX; Schema: public; Owner: -
--

CREATE INDEX "AutomationApp_user1_user_id_5476a49e" ON public."AutomationApp_user1" USING btree (user_id);


--
-- Name: account_emailaddress_email_03be32b2_like; Type: INDEX; Schema: public; Owner: -
--

CREATE INDEX account_emailaddress_email_03be32b2_like ON public.account_emailaddress USING btree (email varchar_pattern_ops);


--
-- Name: account_emailaddress_user_id_2c513194; Type: INDEX; Schema: public; Owner: -
--

CREATE INDEX account_emailaddress_user_id_2c513194 ON public.account_emailaddress USING btree (user_id);


--
-- Name: account_emailconfirmation_email_address_id_5b7f8c58; Type: INDEX; Schema: public; Owner: -
--

CREATE INDEX account_emailconfirmation_email_address_id_5b7f8c58 ON public.account_emailconfirmation USING btree (email_address_id);


--
-- Name: account_emailconfirmation_key_f43612bd_like; Type: INDEX; Schema: public; Owner: -
--

CREATE INDEX account_emailconfirmation_key_f43612bd_like ON public.account_emailconfirmation USING btree (key varchar_pattern_ops);


--
-- Name: auth_group_name_a6ea08ec_like; Type: INDEX; Schema: public; Owner: -
--

CREATE INDEX auth_group_name_a6ea08ec_like ON public.auth_group USING btree (name varchar_pattern_ops);


--
-- Name: auth_group_permissions_group_id_b120cbf9; Type: INDEX; Schema: public; Owner: -
--

CREATE INDEX auth_group_permissions_group_id_b120cbf9 ON public.auth_group_permissions USING btree (group_id);


--
-- Name: auth_group_permissions_permission_id_84c5c92e; Type: INDEX; Schema: public; Owner: -
--

CREATE INDEX auth_group_permissions_permission_id_84c5c92e ON public.auth_group_permissions USING btree (permission_id);


--
-- Name: auth_permission_content_type_id_2f476e4b; Type: INDEX; Schema: public; Owner: -
--

CREATE INDEX auth_permission_content_type_id_2f476e4b ON public.auth_permission USING btree (content_type_id);


--
-- Name: auth_user_groups_group_id_97559544; Type: INDEX; Schema: public; Owner: -
--

CREATE INDEX auth_user_groups_group_id_97559544 ON public.auth_user_groups USING btree (group_id);


--
-- Name: auth_user_groups_user_id_6a12ed8b; Type: INDEX; Schema: public; Owner: -
--

CREATE INDEX auth_user_groups_user_id_6a12ed8b ON public.auth_user_groups USING btree (user_id);


--
-- Name: auth_user_user_permissions_permission_id_1fbb5f2c; Type: INDEX; Schema: public; Owner: -
--

CREATE INDEX auth_user_user_permissions_permission_id_1fbb5f2c ON public.auth_user_user_permissions USING btree (permission_id);


--
-- Name: auth_user_user_permissions_user_id_a95ead1b; Type: INDEX; Schema: public; Owner: -
--

CREATE INDEX auth_user_user_permissions_user_id_a95ead1b ON public.auth_user_user_permissions USING btree (user_id);


--
-- Name: auth_user_username_6821ab7c_like; Type: INDEX; Schema: public; Owner: -
--

CREATE INDEX auth_user_username_6821ab7c_like ON public.auth_user USING btree (username varchar_pattern_ops);


--
-- Name: django_admin_log_content_type_id_c4bce8eb; Type: INDEX; Schema: public; Owner: -
--

CREATE INDEX django_admin_log_content_type_id_c4bce8eb ON public.django_admin_log USING btree (content_type_id);


--
-- Name: django_admin_log_user_id_c564eba6; Type: INDEX; Schema: public; Owner: -
--

CREATE INDEX django_admin_log_user_id_c564eba6 ON public.django_admin_log USING btree (user_id);


--
-- Name: django_session_expire_date_a5c62663; Type: INDEX; Schema: public; Owner: -
--

CREATE INDEX django_session_expire_date_a5c62663 ON public.django_session USING btree (expire_date);


--
-- Name: django_session_session_key_c0390e0f_like; Type: INDEX; Schema: public; Owner: -
--

CREATE INDEX django_session_session_key_c0390e0f_like ON public.django_session USING btree (session_key varchar_pattern_ops);


--
-- Name: django_site_domain_a2e37b91_like; Type: INDEX; Schema: public; Owner: -
--

CREATE INDEX django_site_domain_a2e37b91_like ON public.django_site USING btree (domain varchar_pattern_ops);


--
-- Name: socialaccount_socialaccount_user_id_8146e70c; Type: INDEX; Schema: public; Owner: -
--

CREATE INDEX socialaccount_socialaccount_user_id_8146e70c ON public.socialaccount_socialaccount USING btree (user_id);


--
-- Name: socialaccount_socialtoken_account_id_951f210e; Type: INDEX; Schema: public; Owner: -
--

CREATE INDEX socialaccount_socialtoken_account_id_951f210e ON public.socialaccount_socialtoken USING btree (account_id);


--
-- Name: socialaccount_socialtoken_app_id_636a42d7; Type: INDEX; Schema: public; Owner: -
--

CREATE INDEX socialaccount_socialtoken_app_id_636a42d7 ON public.socialaccount_socialtoken USING btree (app_id);


--
-- Name: AutomationApp_couponlist AutomationApp_coupon_category_id_15d228c2_fk_Automatio; Type: FK CONSTRAINT; Schema: public; Owner: -
--

ALTER TABLE ONLY public."AutomationApp_couponlist"
    ADD CONSTRAINT "AutomationApp_coupon_category_id_15d228c2_fk_Automatio" FOREIGN KEY (category_id) REFERENCES public."AutomationApp_categoriescoupon"(id) DEFERRABLE INITIALLY DEFERRED;


--
-- Name: AutomationApp_couponlist AutomationApp_couponlist_user_id_5d01d96b_fk_auth_user_id; Type: FK CONSTRAINT; Schema: public; Owner: -
--

ALTER TABLE ONLY public."AutomationApp_couponlist"
    ADD CONSTRAINT "AutomationApp_couponlist_user_id_5d01d96b_fk_auth_user_id" FOREIGN KEY (user_id) REFERENCES public.auth_user(id) DEFERRABLE INITIALLY DEFERRED;


--
-- Name: AutomationApp_sales AutomationApp_sales_Categoryaes_id_7499a284_fk_Automatio; Type: FK CONSTRAINT; Schema: public; Owner: -
--

ALTER TABLE ONLY public."AutomationApp_sales"
    ADD CONSTRAINT "AutomationApp_sales_Categoryaes_id_7499a284_fk_Automatio" FOREIGN KEY ("Categoryaes_id") REFERENCES public."AutomationApp_saecat"(id) DEFERRABLE INITIALLY DEFERRED;


--
-- Name: AutomationApp_sales AutomationApp_sales_Subcategorye_id_de88326c_fk_Automatio; Type: FK CONSTRAINT; Schema: public; Owner: -
--

ALTER TABLE ONLY public."AutomationApp_sales"
    ADD CONSTRAINT "AutomationApp_sales_Subcategorye_id_de88326c_fk_Automatio" FOREIGN KEY ("Subcategorye_id") REFERENCES public."AutomationApp_saesubcate"(id) DEFERRABLE INITIALLY DEFERRED;


--
-- Name: AutomationApp_sales AutomationApp_sales_Subcategorys_id_dca013d1_fk_Automatio; Type: FK CONSTRAINT; Schema: public; Owner: -
--

ALTER TABLE ONLY public."AutomationApp_sales"
    ADD CONSTRAINT "AutomationApp_sales_Subcategorys_id_dca013d1_fk_Automatio" FOREIGN KEY ("Subcategorys_id") REFERENCES public."AutomationApp_saesubcats"(id) DEFERRABLE INITIALLY DEFERRED;


--
-- Name: AutomationApp_user1 AutomationApp_user1_Category_id_c2f1bf5a_fk_Automatio; Type: FK CONSTRAINT; Schema: public; Owner: -
--

ALTER TABLE ONLY public."AutomationApp_user1"
    ADD CONSTRAINT "AutomationApp_user1_Category_id_c2f1bf5a_fk_Automatio" FOREIGN KEY ("Category_id") REFERENCES public."AutomationApp_categories"(id) DEFERRABLE INITIALLY DEFERRED;


--
-- Name: AutomationApp_user1 AutomationApp_user1_PSize_id_84236761_fk_Automatio; Type: FK CONSTRAINT; Schema: public; Owner: -
--

ALTER TABLE ONLY public."AutomationApp_user1"
    ADD CONSTRAINT "AutomationApp_user1_PSize_id_84236761_fk_Automatio" FOREIGN KEY ("PSize_id") REFERENCES public."AutomationApp_psizes"(id) DEFERRABLE INITIALLY DEFERRED;


--
-- Name: AutomationApp_user1 AutomationApp_user1_Size_id_ba74dd7c_fk_AutomationApp_sizes_id; Type: FK CONSTRAINT; Schema: public; Owner: -
--

ALTER TABLE ONLY public."AutomationApp_user1"
    ADD CONSTRAINT "AutomationApp_user1_Size_id_ba74dd7c_fk_AutomationApp_sizes_id" FOREIGN KEY ("Size_id") REFERENCES public."AutomationApp_sizes"(id) DEFERRABLE INITIALLY DEFERRED;


--
-- Name: AutomationApp_user1 AutomationApp_user1_Subcategory_id_d291f94d_fk_Automatio; Type: FK CONSTRAINT; Schema: public; Owner: -
--

ALTER TABLE ONLY public."AutomationApp_user1"
    ADD CONSTRAINT "AutomationApp_user1_Subcategory_id_d291f94d_fk_Automatio" FOREIGN KEY ("Subcategory_id") REFERENCES public."AutomationApp_subcategories"(id) DEFERRABLE INITIALLY DEFERRED;


--
-- Name: AutomationApp_user1 AutomationApp_user1_user_id_5476a49e_fk_auth_user_id; Type: FK CONSTRAINT; Schema: public; Owner: -
--

ALTER TABLE ONLY public."AutomationApp_user1"
    ADD CONSTRAINT "AutomationApp_user1_user_id_5476a49e_fk_auth_user_id" FOREIGN KEY (user_id) REFERENCES public.auth_user(id) DEFERRABLE INITIALLY DEFERRED;


--
-- Name: account_emailaddress account_emailaddress_user_id_2c513194_fk_auth_user_id; Type: FK CONSTRAINT; Schema: public; Owner: -
--

ALTER TABLE ONLY public.account_emailaddress
    ADD CONSTRAINT account_emailaddress_user_id_2c513194_fk_auth_user_id FOREIGN KEY (user_id) REFERENCES public.auth_user(id) DEFERRABLE INITIALLY DEFERRED;


--
-- Name: account_emailconfirmation account_emailconfirm_email_address_id_5b7f8c58_fk_account_e; Type: FK CONSTRAINT; Schema: public; Owner: -
--

ALTER TABLE ONLY public.account_emailconfirmation
    ADD CONSTRAINT account_emailconfirm_email_address_id_5b7f8c58_fk_account_e FOREIGN KEY (email_address_id) REFERENCES public.account_emailaddress(id) DEFERRABLE INITIALLY DEFERRED;


--
-- Name: auth_group_permissions auth_group_permissio_permission_id_84c5c92e_fk_auth_perm; Type: FK CONSTRAINT; Schema: public; Owner: -
--

ALTER TABLE ONLY public.auth_group_permissions
    ADD CONSTRAINT auth_group_permissio_permission_id_84c5c92e_fk_auth_perm FOREIGN KEY (permission_id) REFERENCES public.auth_permission(id) DEFERRABLE INITIALLY DEFERRED;


--
-- Name: auth_group_permissions auth_group_permissions_group_id_b120cbf9_fk_auth_group_id; Type: FK CONSTRAINT; Schema: public; Owner: -
--

ALTER TABLE ONLY public.auth_group_permissions
    ADD CONSTRAINT auth_group_permissions_group_id_b120cbf9_fk_auth_group_id FOREIGN KEY (group_id) REFERENCES public.auth_group(id) DEFERRABLE INITIALLY DEFERRED;


--
-- Name: auth_permission auth_permission_content_type_id_2f476e4b_fk_django_co; Type: FK CONSTRAINT; Schema: public; Owner: -
--

ALTER TABLE ONLY public.auth_permission
    ADD CONSTRAINT auth_permission_content_type_id_2f476e4b_fk_django_co FOREIGN KEY (content_type_id) REFERENCES public.django_content_type(id) DEFERRABLE INITIALLY DEFERRED;


--
-- Name: auth_user_groups auth_user_groups_group_id_97559544_fk_auth_group_id; Type: FK CONSTRAINT; Schema: public; Owner: -
--

ALTER TABLE ONLY public.auth_user_groups
    ADD CONSTRAINT auth_user_groups_group_id_97559544_fk_auth_group_id FOREIGN KEY (group_id) REFERENCES public.auth_group(id) DEFERRABLE INITIALLY DEFERRED;


--
-- Name: auth_user_groups auth_user_groups_user_id_6a12ed8b_fk_auth_user_id; Type: FK CONSTRAINT; Schema: public; Owner: -
--

ALTER TABLE ONLY public.auth_user_groups
    ADD CONSTRAINT auth_user_groups_user_id_6a12ed8b_fk_auth_user_id FOREIGN KEY (user_id) REFERENCES public.auth_user(id) DEFERRABLE INITIALLY DEFERRED;


--
-- Name: auth_user_user_permissions auth_user_user_permi_permission_id_1fbb5f2c_fk_auth_perm; Type: FK CONSTRAINT; Schema: public; Owner: -
--

ALTER TABLE ONLY public.auth_user_user_permissions
    ADD CONSTRAINT auth_user_user_permi_permission_id_1fbb5f2c_fk_auth_perm FOREIGN KEY (permission_id) REFERENCES public.auth_permission(id) DEFERRABLE INITIALLY DEFERRED;


--
-- Name: auth_user_user_permissions auth_user_user_permissions_user_id_a95ead1b_fk_auth_user_id; Type: FK CONSTRAINT; Schema: public; Owner: -
--

ALTER TABLE ONLY public.auth_user_user_permissions
    ADD CONSTRAINT auth_user_user_permissions_user_id_a95ead1b_fk_auth_user_id FOREIGN KEY (user_id) REFERENCES public.auth_user(id) DEFERRABLE INITIALLY DEFERRED;


--
-- Name: django_admin_log django_admin_log_content_type_id_c4bce8eb_fk_django_co; Type: FK CONSTRAINT; Schema: public; Owner: -
--

ALTER TABLE ONLY public.django_admin_log
    ADD CONSTRAINT django_admin_log_content_type_id_c4bce8eb_fk_django_co FOREIGN KEY (content_type_id) REFERENCES public.django_content_type(id) DEFERRABLE INITIALLY DEFERRED;


--
-- Name: django_admin_log django_admin_log_user_id_c564eba6_fk_auth_user_id; Type: FK CONSTRAINT; Schema: public; Owner: -
--

ALTER TABLE ONLY public.django_admin_log
    ADD CONSTRAINT django_admin_log_user_id_c564eba6_fk_auth_user_id FOREIGN KEY (user_id) REFERENCES public.auth_user(id) DEFERRABLE INITIALLY DEFERRED;


--
-- Name: socialaccount_socialtoken socialaccount_social_account_id_951f210e_fk_socialacc; Type: FK CONSTRAINT; Schema: public; Owner: -
--

ALTER TABLE ONLY public.socialaccount_socialtoken
    ADD CONSTRAINT socialaccount_social_account_id_951f210e_fk_socialacc FOREIGN KEY (account_id) REFERENCES public.socialaccount_socialaccount(id) DEFERRABLE INITIALLY DEFERRED;


--
-- Name: socialaccount_socialtoken socialaccount_social_app_id_636a42d7_fk_socialacc; Type: FK CONSTRAINT; Schema: public; Owner: -
--

ALTER TABLE ONLY public.socialaccount_socialtoken
    ADD CONSTRAINT socialaccount_social_app_id_636a42d7_fk_socialacc FOREIGN KEY (app_id) REFERENCES public.socialaccount_socialapp(id) DEFERRABLE INITIALLY DEFERRED;


--
-- Name: socialaccount_socialaccount socialaccount_socialaccount_user_id_8146e70c_fk_auth_user_id; Type: FK CONSTRAINT; Schema: public; Owner: -
--

ALTER TABLE ONLY public.socialaccount_socialaccount
    ADD CONSTRAINT socialaccount_socialaccount_user_id_8146e70c_fk_auth_user_id FOREIGN KEY (user_id) REFERENCES public.auth_user(id) DEFERRABLE INITIALLY DEFERRED;


--
-- Name: SCHEMA heroku_ext; Type: ACL; Schema: -; Owner: -
--

GRANT USAGE ON SCHEMA heroku_ext TO skcxlyichpsdoh;


--
-- Name: SCHEMA public; Type: ACL; Schema: -; Owner: -
--

REVOKE ALL ON SCHEMA public FROM postgres;
REVOKE ALL ON SCHEMA public FROM PUBLIC;
GRANT ALL ON SCHEMA public TO skcxlyichpsdoh;
GRANT ALL ON SCHEMA public TO PUBLIC;


--
-- Name: LANGUAGE plpgsql; Type: ACL; Schema: -; Owner: -
--

GRANT ALL ON LANGUAGE plpgsql TO skcxlyichpsdoh;


--
-- Name: FUNCTION pg_stat_statements_reset(userid oid, dbid oid, queryid bigint); Type: ACL; Schema: heroku_ext; Owner: -
--

GRANT ALL ON FUNCTION heroku_ext.pg_stat_statements_reset(userid oid, dbid oid, queryid bigint) TO skcxlyichpsdoh;


--
-- PostgreSQL database dump complete
--

