--
-- PostgreSQL database dump
--

-- Dumped from database version 14.4
-- Dumped by pg_dump version 14.4

SET statement_timeout = 0;
SET lock_timeout = 0;
SET idle_in_transaction_session_timeout = 0;
SET client_encoding = 'UTF8';
SET standard_conforming_strings = on;
SELECT pg_catalog.set_config('search_path', '', false);
SET check_function_bodies = false;
SET xmloption = content;
SET client_min_messages = warning;
SET row_security = off;

SET default_tablespace = '';

SET default_table_access_method = heap;

--
-- Name: AutomationApp_acceptorder; Type: TABLE; Schema: public; Owner: postgres
--

CREATE TABLE public."AutomationApp_acceptorder" (
    id bigint NOT NULL,
    "Admin" integer,
    "Customername" character varying(250),
    "Province" character varying(50),
    "MunicipalityCity" character varying(50),
    "Barangay" character varying(50),
    "StreetPurok" character varying(50),
    "Housenumber" character varying(50),
    "LandmarksnNotes" character varying(1000),
    "DeliveryFee" integer,
    "Rider" character varying(50),
    contactnumber bigint,
    "Bill" integer,
    "Change" integer,
    "ETA" character varying(50),
    productname character varying(250),
    "Category" character varying(50),
    "Subcategory" character varying(50),
    "Size" character varying(50),
    "Addons" character varying(50),
    "QtyAddons" integer,
    "PSize" character varying(50),
    "Price" integer,
    "Subtotal" integer,
    "GSubtotal" integer,
    "Cost" numeric(7,2),
    "Qty" integer,
    "MOP" character varying(50),
    ordertype character varying(50),
    "Timetodeliver" character varying(50),
    "ScheduleTime" character varying(50),
    gpslat numeric(50,20),
    gpslng numeric(50,20),
    gpsaccuracy numeric(50,20),
    pinnedlat numeric(50,20),
    pinnedlng numeric(50,20),
    tokens character varying(300),
    "DateTime" timestamp with time zone NOT NULL,
    codecoupon character varying(250)
);


ALTER TABLE public."AutomationApp_acceptorder" OWNER TO postgres;

--
-- Name: AutomationApp_acceptorder_id_seq; Type: SEQUENCE; Schema: public; Owner: postgres
--

ALTER TABLE public."AutomationApp_acceptorder" ALTER COLUMN id ADD GENERATED BY DEFAULT AS IDENTITY (
    SEQUENCE NAME public."AutomationApp_acceptorder_id_seq"
    START WITH 1
    INCREMENT BY 1
    NO MINVALUE
    NO MAXVALUE
    CACHE 1
);


--
-- Name: AutomationApp_acknowledgedstockorder; Type: TABLE; Schema: public; Owner: postgres
--

CREATE TABLE public."AutomationApp_acknowledgedstockorder" (
    id bigint NOT NULL,
    "user" integer,
    productname character varying(50),
    "Category" character varying(50),
    "Price" integer,
    "Subtotal" integer,
    "Cost" numeric(7,2),
    "Qty" integer,
    "CusName" character varying(50),
    "DeliveryAddress" character varying(100),
    "ShippingFee" integer,
    contactnumber bigint,
    "DateTime" timestamp with time zone NOT NULL
);


ALTER TABLE public."AutomationApp_acknowledgedstockorder" OWNER TO postgres;

--
-- Name: AutomationApp_acknowledgedstockorder_id_seq; Type: SEQUENCE; Schema: public; Owner: postgres
--

ALTER TABLE public."AutomationApp_acknowledgedstockorder" ALTER COLUMN id ADD GENERATED BY DEFAULT AS IDENTITY (
    SEQUENCE NAME public."AutomationApp_acknowledgedstockorder_id_seq"
    START WITH 1
    INCREMENT BY 1
    NO MINVALUE
    NO MAXVALUE
    CACHE 1
);


--
-- Name: AutomationApp_categories; Type: TABLE; Schema: public; Owner: postgres
--

CREATE TABLE public."AutomationApp_categories" (
    id bigint NOT NULL,
    "Categorychoices" character varying(50) NOT NULL
);


ALTER TABLE public."AutomationApp_categories" OWNER TO postgres;

--
-- Name: AutomationApp_categories_id_seq; Type: SEQUENCE; Schema: public; Owner: postgres
--

ALTER TABLE public."AutomationApp_categories" ALTER COLUMN id ADD GENERATED BY DEFAULT AS IDENTITY (
    SEQUENCE NAME public."AutomationApp_categories_id_seq"
    START WITH 1
    INCREMENT BY 1
    NO MINVALUE
    NO MAXVALUE
    CACHE 1
);


--
-- Name: AutomationApp_categoriescoupon; Type: TABLE; Schema: public; Owner: postgres
--

CREATE TABLE public."AutomationApp_categoriescoupon" (
    id bigint NOT NULL,
    "CategoryCouponchoices" character varying(50) NOT NULL
);


ALTER TABLE public."AutomationApp_categoriescoupon" OWNER TO postgres;

--
-- Name: AutomationApp_categoriescoupon_id_seq; Type: SEQUENCE; Schema: public; Owner: postgres
--

ALTER TABLE public."AutomationApp_categoriescoupon" ALTER COLUMN id ADD GENERATED BY DEFAULT AS IDENTITY (
    SEQUENCE NAME public."AutomationApp_categoriescoupon_id_seq"
    START WITH 1
    INCREMENT BY 1
    NO MINVALUE
    NO MAXVALUE
    CACHE 1
);


--
-- Name: AutomationApp_couponlist; Type: TABLE; Schema: public; Owner: postgres
--

CREATE TABLE public."AutomationApp_couponlist" (
    id bigint NOT NULL,
    couponname character varying(250) NOT NULL,
    code character varying(250) NOT NULL,
    url character varying(1000) NOT NULL,
    pieces integer,
    discountamount integer,
    "is_withMinimumAmount" boolean,
    is_consumable boolean,
    is_active boolean,
    "MinimumAmount" integer,
    category_id bigint,
    user_id integer NOT NULL,
    redeemlimit integer
);


ALTER TABLE public."AutomationApp_couponlist" OWNER TO postgres;

--
-- Name: AutomationApp_couponlist_id_seq; Type: SEQUENCE; Schema: public; Owner: postgres
--

ALTER TABLE public."AutomationApp_couponlist" ALTER COLUMN id ADD GENERATED BY DEFAULT AS IDENTITY (
    SEQUENCE NAME public."AutomationApp_couponlist_id_seq"
    START WITH 1
    INCREMENT BY 1
    NO MINVALUE
    NO MAXVALUE
    CACHE 1
);


--
-- Name: AutomationApp_customer; Type: TABLE; Schema: public; Owner: postgres
--

CREATE TABLE public."AutomationApp_customer" (
    id bigint NOT NULL,
    "Admin" integer,
    "Customername" character varying(250),
    "Province" character varying(50),
    "MunicipalityCity" character varying(50),
    "Barangay" character varying(250),
    "StreetPurok" character varying(50),
    "Housenumber" character varying(50),
    "LandmarksnNotes" character varying(1000),
    "DeliveryFee" integer,
    contactnumber bigint,
    "Bill" integer,
    "Change" integer,
    productname character varying(250),
    "Category" character varying(50),
    "Subcategory" character varying(50),
    "Size" character varying(50),
    "Addons" character varying(50),
    "QtyAddons" integer,
    "PSize" character varying(50),
    "Price" integer,
    "Subtotal" integer,
    "GSubtotal" integer,
    "Cost" numeric(7,2),
    "Qty" integer,
    "MOP" character varying(50),
    ordertype character varying(50),
    "Timetodeliver" character varying(50),
    "ScheduleTime" character varying(50),
    gpslat numeric(50,20),
    gpslng numeric(50,20),
    gpsaccuracy numeric(50,20),
    pinnedlat numeric(50,20),
    pinnedlng numeric(50,20),
    tokens character varying(300),
    "DateTime" timestamp with time zone NOT NULL,
    codecoupon character varying(250)
);


ALTER TABLE public."AutomationApp_customer" OWNER TO postgres;

--
-- Name: AutomationApp_customer_id_seq; Type: SEQUENCE; Schema: public; Owner: postgres
--

ALTER TABLE public."AutomationApp_customer" ALTER COLUMN id ADD GENERATED BY DEFAULT AS IDENTITY (
    SEQUENCE NAME public."AutomationApp_customer_id_seq"
    START WITH 1
    INCREMENT BY 1
    NO MINVALUE
    NO MAXVALUE
    CACHE 1
);


--
-- Name: AutomationApp_dailysales; Type: TABLE; Schema: public; Owner: postgres
--

CREATE TABLE public."AutomationApp_dailysales" (
    id bigint NOT NULL,
    "user" integer,
    "DateTime" timestamp with time zone NOT NULL,
    "Sales" integer,
    "Expenses" numeric(7,2),
    "Startstocks" numeric(7,2),
    "Endstocks" numeric(7,2),
    "Valuestocks" numeric(7,2),
    "Net" numeric(7,2)
);


ALTER TABLE public."AutomationApp_dailysales" OWNER TO postgres;

--
-- Name: AutomationApp_dailysales_id_seq; Type: SEQUENCE; Schema: public; Owner: postgres
--

ALTER TABLE public."AutomationApp_dailysales" ALTER COLUMN id ADD GENERATED BY DEFAULT AS IDENTITY (
    SEQUENCE NAME public."AutomationApp_dailysales_id_seq"
    START WITH 1
    INCREMENT BY 1
    NO MINVALUE
    NO MAXVALUE
    CACHE 1
);


--
-- Name: AutomationApp_psizes; Type: TABLE; Schema: public; Owner: postgres
--

CREATE TABLE public."AutomationApp_psizes" (
    id bigint NOT NULL,
    "PSizechoices" character varying(50) NOT NULL
);


ALTER TABLE public."AutomationApp_psizes" OWNER TO postgres;

--
-- Name: AutomationApp_psizes_id_seq; Type: SEQUENCE; Schema: public; Owner: postgres
--

ALTER TABLE public."AutomationApp_psizes" ALTER COLUMN id ADD GENERATED BY DEFAULT AS IDENTITY (
    SEQUENCE NAME public."AutomationApp_psizes_id_seq"
    START WITH 1
    INCREMENT BY 1
    NO MINVALUE
    NO MAXVALUE
    CACHE 1
);


--
-- Name: AutomationApp_punchedprod; Type: TABLE; Schema: public; Owner: postgres
--

CREATE TABLE public."AutomationApp_punchedprod" (
    id bigint NOT NULL,
    "user" integer,
    productname character varying(50),
    "Category" character varying(50),
    "Subcategory" character varying(50),
    "Size" character varying(50),
    "PSize" character varying(50),
    "Price" integer,
    "Subtotal" integer,
    "Cost" numeric(7,2),
    "Qty" integer,
    "DateTime" timestamp with time zone NOT NULL
);


ALTER TABLE public."AutomationApp_punchedprod" OWNER TO postgres;

--
-- Name: AutomationApp_punchedprod_id_seq; Type: SEQUENCE; Schema: public; Owner: postgres
--

ALTER TABLE public."AutomationApp_punchedprod" ALTER COLUMN id ADD GENERATED BY DEFAULT AS IDENTITY (
    SEQUENCE NAME public."AutomationApp_punchedprod_id_seq"
    START WITH 1
    INCREMENT BY 1
    NO MINVALUE
    NO MAXVALUE
    CACHE 1
);


--
-- Name: AutomationApp_punchedprodso; Type: TABLE; Schema: public; Owner: postgres
--

CREATE TABLE public."AutomationApp_punchedprodso" (
    id bigint NOT NULL,
    "user" integer,
    productname character varying(50),
    "Category" character varying(50),
    "Subcategory" character varying(50),
    "Size" character varying(50),
    "PSize" character varying(50),
    "Price" integer,
    "Subtotal" integer,
    "Cost" numeric(7,2),
    "Qty" integer,
    "DateTime" timestamp with time zone NOT NULL
);


ALTER TABLE public."AutomationApp_punchedprodso" OWNER TO postgres;

--
-- Name: AutomationApp_punchedprodso_id_seq; Type: SEQUENCE; Schema: public; Owner: postgres
--

ALTER TABLE public."AutomationApp_punchedprodso" ALTER COLUMN id ADD GENERATED BY DEFAULT AS IDENTITY (
    SEQUENCE NAME public."AutomationApp_punchedprodso_id_seq"
    START WITH 1
    INCREMENT BY 1
    NO MINVALUE
    NO MAXVALUE
    CACHE 1
);


--
-- Name: AutomationApp_queue1; Type: TABLE; Schema: public; Owner: postgres
--

CREATE TABLE public."AutomationApp_queue1" (
    id bigint NOT NULL,
    "user" integer,
    productname character varying(50),
    "Category" character varying(50),
    "Subcategory" character varying(50),
    "Size" character varying(50),
    "PSize" character varying(50),
    "Price" integer,
    "Subtotal" integer,
    "Cost" numeric(7,2),
    "Qty" integer,
    "Bill" integer,
    "Change" integer,
    "CusName" character varying(50),
    "DateTime" timestamp with time zone NOT NULL
);


ALTER TABLE public."AutomationApp_queue1" OWNER TO postgres;

--
-- Name: AutomationApp_queue1_id_seq; Type: SEQUENCE; Schema: public; Owner: postgres
--

ALTER TABLE public."AutomationApp_queue1" ALTER COLUMN id ADD GENERATED BY DEFAULT AS IDENTITY (
    SEQUENCE NAME public."AutomationApp_queue1_id_seq"
    START WITH 1
    INCREMENT BY 1
    NO MINVALUE
    NO MAXVALUE
    CACHE 1
);


--
-- Name: AutomationApp_queue2; Type: TABLE; Schema: public; Owner: postgres
--

CREATE TABLE public."AutomationApp_queue2" (
    id bigint NOT NULL,
    "user" integer,
    productname character varying(50),
    "Category" character varying(50),
    "Subcategory" character varying(50),
    "Size" character varying(50),
    "PSize" character varying(50),
    "Price" integer,
    "Subtotal" integer,
    "Cost" numeric(7,2),
    "Qty" integer,
    "Bill" integer,
    "Change" integer,
    "CusName" character varying(50),
    "DateTime" timestamp with time zone NOT NULL
);


ALTER TABLE public."AutomationApp_queue2" OWNER TO postgres;

--
-- Name: AutomationApp_queue2_id_seq; Type: SEQUENCE; Schema: public; Owner: postgres
--

ALTER TABLE public."AutomationApp_queue2" ALTER COLUMN id ADD GENERATED BY DEFAULT AS IDENTITY (
    SEQUENCE NAME public."AutomationApp_queue2_id_seq"
    START WITH 1
    INCREMENT BY 1
    NO MINVALUE
    NO MAXVALUE
    CACHE 1
);


--
-- Name: AutomationApp_queue3; Type: TABLE; Schema: public; Owner: postgres
--

CREATE TABLE public."AutomationApp_queue3" (
    id bigint NOT NULL,
    "user" integer,
    productname character varying(50),
    "Category" character varying(50),
    "Subcategory" character varying(50),
    "Size" character varying(50),
    "PSize" character varying(50),
    "Price" integer,
    "Subtotal" integer,
    "Cost" numeric(7,2),
    "Qty" integer,
    "Bill" integer,
    "Change" integer,
    "CusName" character varying(50),
    "DateTime" timestamp with time zone NOT NULL
);


ALTER TABLE public."AutomationApp_queue3" OWNER TO postgres;

--
-- Name: AutomationApp_queue3_id_seq; Type: SEQUENCE; Schema: public; Owner: postgres
--

ALTER TABLE public."AutomationApp_queue3" ALTER COLUMN id ADD GENERATED BY DEFAULT AS IDENTITY (
    SEQUENCE NAME public."AutomationApp_queue3_id_seq"
    START WITH 1
    INCREMENT BY 1
    NO MINVALUE
    NO MAXVALUE
    CACHE 1
);


--
-- Name: AutomationApp_rejectorder; Type: TABLE; Schema: public; Owner: postgres
--

CREATE TABLE public."AutomationApp_rejectorder" (
    id bigint NOT NULL,
    "Admin" integer,
    "Customername" character varying(50),
    "Province" character varying(50),
    "MunicipalityCity" character varying(50),
    "Barangay" character varying(50),
    "StreetPurok" character varying(50),
    "Housenumber" character varying(50),
    "LandmarksnNotes" character varying(50),
    "DeliveryFee" integer,
    contactnumber bigint,
    "Bill" integer,
    "Change" integer,
    productname character varying(50),
    "Category" character varying(50),
    "Subcategory" character varying(50),
    "Size" character varying(50),
    "Addons" character varying(50),
    "QtyAddons" integer,
    "PSize" character varying(50),
    "Price" integer,
    "Subtotal" integer,
    "GSubtotal" integer,
    "Cost" numeric(7,2),
    "Qty" integer,
    "MOP" character varying(50),
    ordertype character varying(50),
    "Timetodeliver" character varying(50),
    "ScheduleTime" character varying(50),
    gpslat numeric(50,20),
    gpslng numeric(50,20),
    gpsaccuracy numeric(50,20),
    pinnedlat numeric(50,20),
    pinnedlng numeric(50,20),
    tokens character varying(300),
    "DateTime" timestamp with time zone NOT NULL,
    codecoupon character varying(250)
);


ALTER TABLE public."AutomationApp_rejectorder" OWNER TO postgres;

--
-- Name: AutomationApp_rejectorder_id_seq; Type: SEQUENCE; Schema: public; Owner: postgres
--

ALTER TABLE public."AutomationApp_rejectorder" ALTER COLUMN id ADD GENERATED BY DEFAULT AS IDENTITY (
    SEQUENCE NAME public."AutomationApp_rejectorder_id_seq"
    START WITH 1
    INCREMENT BY 1
    NO MINVALUE
    NO MAXVALUE
    CACHE 1
);


--
-- Name: AutomationApp_saecat; Type: TABLE; Schema: public; Owner: postgres
--

CREATE TABLE public."AutomationApp_saecat" (
    id bigint NOT NULL,
    saecatchoices character varying(50) NOT NULL
);


ALTER TABLE public."AutomationApp_saecat" OWNER TO postgres;

--
-- Name: AutomationApp_saecat_id_seq; Type: SEQUENCE; Schema: public; Owner: postgres
--

ALTER TABLE public."AutomationApp_saecat" ALTER COLUMN id ADD GENERATED BY DEFAULT AS IDENTITY (
    SEQUENCE NAME public."AutomationApp_saecat_id_seq"
    START WITH 1
    INCREMENT BY 1
    NO MINVALUE
    NO MAXVALUE
    CACHE 1
);


--
-- Name: AutomationApp_saesubcate; Type: TABLE; Schema: public; Owner: postgres
--

CREATE TABLE public."AutomationApp_saesubcate" (
    id bigint NOT NULL,
    saesubcatchoices character varying(50) NOT NULL
);


ALTER TABLE public."AutomationApp_saesubcate" OWNER TO postgres;

--
-- Name: AutomationApp_saesubcate_id_seq; Type: SEQUENCE; Schema: public; Owner: postgres
--

ALTER TABLE public."AutomationApp_saesubcate" ALTER COLUMN id ADD GENERATED BY DEFAULT AS IDENTITY (
    SEQUENCE NAME public."AutomationApp_saesubcate_id_seq"
    START WITH 1
    INCREMENT BY 1
    NO MINVALUE
    NO MAXVALUE
    CACHE 1
);


--
-- Name: AutomationApp_saesubcats; Type: TABLE; Schema: public; Owner: postgres
--

CREATE TABLE public."AutomationApp_saesubcats" (
    id bigint NOT NULL,
    saesubcatchoices character varying(50) NOT NULL
);


ALTER TABLE public."AutomationApp_saesubcats" OWNER TO postgres;

--
-- Name: AutomationApp_saesubcats_id_seq; Type: SEQUENCE; Schema: public; Owner: postgres
--

ALTER TABLE public."AutomationApp_saesubcats" ALTER COLUMN id ADD GENERATED BY DEFAULT AS IDENTITY (
    SEQUENCE NAME public."AutomationApp_saesubcats_id_seq"
    START WITH 1
    INCREMENT BY 1
    NO MINVALUE
    NO MAXVALUE
    CACHE 1
);


--
-- Name: AutomationApp_sales; Type: TABLE; Schema: public; Owner: postgres
--

CREATE TABLE public."AutomationApp_sales" (
    id bigint NOT NULL,
    "user" integer,
    productname character varying(50),
    "Category" character varying(50),
    "Subcategory" character varying(50),
    "Size" character varying(50),
    "PSize" character varying(50),
    "Price" integer,
    "Subtotal" integer,
    "GSubtotal" integer,
    "Cost" numeric(7,2),
    "Qty" integer,
    "Addons" character varying(50),
    "QtyAddons" integer,
    "Bill" integer,
    "Change" integer,
    "MOP" character varying(50),
    ordertype character varying(50),
    gpslat numeric(50,20),
    gpslng numeric(50,20),
    gpsaccuracy numeric(50,20),
    pinnedlat numeric(50,20),
    pinnedlng numeric(50,20),
    "Province" character varying(50),
    "MunicipalityCity" character varying(50),
    "Barangay" character varying(50),
    "StreetPurok" character varying(50),
    "Housenumber" character varying(50),
    "LandmarksnNotes" character varying(50),
    "ScheduleTime" character varying(50),
    "Timetodeliver" character varying(50),
    "DeliveryFee" integer,
    contactnumber bigint,
    "CusName" character varying(50),
    "Amount" numeric(7,2),
    "Description" character varying(50),
    "Receipt" character varying(100),
    tokens character varying(300),
    "DateTime" timestamp with time zone NOT NULL,
    "Categoryaes_id" bigint,
    "Subcategorye_id" bigint,
    "Subcategorys_id" bigint,
    "RequiredMinimumAmount" integer,
    codecoupon character varying(250),
    discount character varying(250)
);


ALTER TABLE public."AutomationApp_sales" OWNER TO postgres;

--
-- Name: AutomationApp_sales_id_seq; Type: SEQUENCE; Schema: public; Owner: postgres
--

ALTER TABLE public."AutomationApp_sales" ALTER COLUMN id ADD GENERATED BY DEFAULT AS IDENTITY (
    SEQUENCE NAME public."AutomationApp_sales_id_seq"
    START WITH 1
    INCREMENT BY 1
    NO MINVALUE
    NO MAXVALUE
    CACHE 1
);


--
-- Name: AutomationApp_sizes; Type: TABLE; Schema: public; Owner: postgres
--

CREATE TABLE public."AutomationApp_sizes" (
    id bigint NOT NULL,
    "Sizechoices" character varying(50) NOT NULL
);


ALTER TABLE public."AutomationApp_sizes" OWNER TO postgres;

--
-- Name: AutomationApp_sizes_id_seq; Type: SEQUENCE; Schema: public; Owner: postgres
--

ALTER TABLE public."AutomationApp_sizes" ALTER COLUMN id ADD GENERATED BY DEFAULT AS IDENTITY (
    SEQUENCE NAME public."AutomationApp_sizes_id_seq"
    START WITH 1
    INCREMENT BY 1
    NO MINVALUE
    NO MAXVALUE
    CACHE 1
);


--
-- Name: AutomationApp_subcategories; Type: TABLE; Schema: public; Owner: postgres
--

CREATE TABLE public."AutomationApp_subcategories" (
    id bigint NOT NULL,
    "Subcategorychoices" character varying(50) NOT NULL
);


ALTER TABLE public."AutomationApp_subcategories" OWNER TO postgres;

--
-- Name: AutomationApp_subcategories_id_seq; Type: SEQUENCE; Schema: public; Owner: postgres
--

ALTER TABLE public."AutomationApp_subcategories" ALTER COLUMN id ADD GENERATED BY DEFAULT AS IDENTITY (
    SEQUENCE NAME public."AutomationApp_subcategories_id_seq"
    START WITH 1
    INCREMENT BY 1
    NO MINVALUE
    NO MAXVALUE
    CACHE 1
);


--
-- Name: AutomationApp_submitstockorder; Type: TABLE; Schema: public; Owner: postgres
--

CREATE TABLE public."AutomationApp_submitstockorder" (
    id bigint NOT NULL,
    "user" integer,
    productname character varying(50),
    "Category" character varying(50),
    "Price" integer,
    "Subtotal" integer,
    "Cost" numeric(7,2),
    "Qty" integer,
    "CusName" character varying(50),
    "DeliveryAddress" character varying(100),
    "ShippingFee" integer,
    contactnumber bigint,
    "DateTime" timestamp with time zone NOT NULL
);


ALTER TABLE public."AutomationApp_submitstockorder" OWNER TO postgres;

--
-- Name: AutomationApp_submitstockorder_id_seq; Type: SEQUENCE; Schema: public; Owner: postgres
--

ALTER TABLE public."AutomationApp_submitstockorder" ALTER COLUMN id ADD GENERATED BY DEFAULT AS IDENTITY (
    SEQUENCE NAME public."AutomationApp_submitstockorder_id_seq"
    START WITH 1
    INCREMENT BY 1
    NO MINVALUE
    NO MAXVALUE
    CACHE 1
);


--
-- Name: AutomationApp_timesheet; Type: TABLE; Schema: public; Owner: postgres
--

CREATE TABLE public."AutomationApp_timesheet" (
    id bigint NOT NULL,
    "Admin" integer,
    "Employeename" character varying(50),
    "Day" character varying(50),
    "Timein" character varying(50),
    "Timeout" character varying(50),
    "Totalmins" integer,
    "Productimg" character varying(100),
    "Sales" integer,
    "Identifybonus" character varying(50),
    "ASLbalance" integer,
    "ISalary" integer,
    "FSalary" integer,
    "DateTime" timestamp with time zone NOT NULL
);


ALTER TABLE public."AutomationApp_timesheet" OWNER TO postgres;

--
-- Name: AutomationApp_timesheet_id_seq; Type: SEQUENCE; Schema: public; Owner: postgres
--

ALTER TABLE public."AutomationApp_timesheet" ALTER COLUMN id ADD GENERATED BY DEFAULT AS IDENTITY (
    SEQUENCE NAME public."AutomationApp_timesheet_id_seq"
    START WITH 1
    INCREMENT BY 1
    NO MINVALUE
    NO MAXVALUE
    CACHE 1
);


--
-- Name: AutomationApp_user1; Type: TABLE; Schema: public; Owner: postgres
--

CREATE TABLE public."AutomationApp_user1" (
    id bigint NOT NULL,
    productname character varying(100) NOT NULL,
    "Price" integer NOT NULL,
    "Cost" numeric(7,2) NOT NULL,
    "Qty" integer NOT NULL,
    "Promo" character varying(50) NOT NULL,
    "Category_id" bigint,
    "PSize_id" bigint,
    "Size_id" bigint,
    "Subcategory_id" bigint,
    user_id integer NOT NULL,
    "PDescription" character varying(2000) NOT NULL
);


ALTER TABLE public."AutomationApp_user1" OWNER TO postgres;

--
-- Name: AutomationApp_user1_id_seq; Type: SEQUENCE; Schema: public; Owner: postgres
--

ALTER TABLE public."AutomationApp_user1" ALTER COLUMN id ADD GENERATED BY DEFAULT AS IDENTITY (
    SEQUENCE NAME public."AutomationApp_user1_id_seq"
    START WITH 1
    INCREMENT BY 1
    NO MINVALUE
    NO MAXVALUE
    CACHE 1
);


--
-- Name: account_emailaddress; Type: TABLE; Schema: public; Owner: postgres
--

CREATE TABLE public.account_emailaddress (
    id integer NOT NULL,
    email character varying(254) NOT NULL,
    verified boolean NOT NULL,
    "primary" boolean NOT NULL,
    user_id integer NOT NULL
);


ALTER TABLE public.account_emailaddress OWNER TO postgres;

--
-- Name: account_emailaddress_id_seq; Type: SEQUENCE; Schema: public; Owner: postgres
--

ALTER TABLE public.account_emailaddress ALTER COLUMN id ADD GENERATED BY DEFAULT AS IDENTITY (
    SEQUENCE NAME public.account_emailaddress_id_seq
    START WITH 1
    INCREMENT BY 1
    NO MINVALUE
    NO MAXVALUE
    CACHE 1
);


--
-- Name: account_emailconfirmation; Type: TABLE; Schema: public; Owner: postgres
--

CREATE TABLE public.account_emailconfirmation (
    id integer NOT NULL,
    created timestamp with time zone NOT NULL,
    sent timestamp with time zone,
    key character varying(64) NOT NULL,
    email_address_id integer NOT NULL
);


ALTER TABLE public.account_emailconfirmation OWNER TO postgres;

--
-- Name: account_emailconfirmation_id_seq; Type: SEQUENCE; Schema: public; Owner: postgres
--

ALTER TABLE public.account_emailconfirmation ALTER COLUMN id ADD GENERATED BY DEFAULT AS IDENTITY (
    SEQUENCE NAME public.account_emailconfirmation_id_seq
    START WITH 1
    INCREMENT BY 1
    NO MINVALUE
    NO MAXVALUE
    CACHE 1
);


--
-- Name: auth_group; Type: TABLE; Schema: public; Owner: postgres
--

CREATE TABLE public.auth_group (
    id integer NOT NULL,
    name character varying(150) NOT NULL
);


ALTER TABLE public.auth_group OWNER TO postgres;

--
-- Name: auth_group_id_seq; Type: SEQUENCE; Schema: public; Owner: postgres
--

ALTER TABLE public.auth_group ALTER COLUMN id ADD GENERATED BY DEFAULT AS IDENTITY (
    SEQUENCE NAME public.auth_group_id_seq
    START WITH 1
    INCREMENT BY 1
    NO MINVALUE
    NO MAXVALUE
    CACHE 1
);


--
-- Name: auth_group_permissions; Type: TABLE; Schema: public; Owner: postgres
--

CREATE TABLE public.auth_group_permissions (
    id bigint NOT NULL,
    group_id integer NOT NULL,
    permission_id integer NOT NULL
);


ALTER TABLE public.auth_group_permissions OWNER TO postgres;

--
-- Name: auth_group_permissions_id_seq; Type: SEQUENCE; Schema: public; Owner: postgres
--

ALTER TABLE public.auth_group_permissions ALTER COLUMN id ADD GENERATED BY DEFAULT AS IDENTITY (
    SEQUENCE NAME public.auth_group_permissions_id_seq
    START WITH 1
    INCREMENT BY 1
    NO MINVALUE
    NO MAXVALUE
    CACHE 1
);


--
-- Name: auth_permission; Type: TABLE; Schema: public; Owner: postgres
--

CREATE TABLE public.auth_permission (
    id integer NOT NULL,
    name character varying(255) NOT NULL,
    content_type_id integer NOT NULL,
    codename character varying(100) NOT NULL
);


ALTER TABLE public.auth_permission OWNER TO postgres;

--
-- Name: auth_permission_id_seq; Type: SEQUENCE; Schema: public; Owner: postgres
--

ALTER TABLE public.auth_permission ALTER COLUMN id ADD GENERATED BY DEFAULT AS IDENTITY (
    SEQUENCE NAME public.auth_permission_id_seq
    START WITH 1
    INCREMENT BY 1
    NO MINVALUE
    NO MAXVALUE
    CACHE 1
);


--
-- Name: auth_user; Type: TABLE; Schema: public; Owner: postgres
--

CREATE TABLE public.auth_user (
    id integer NOT NULL,
    password character varying(128) NOT NULL,
    last_login timestamp with time zone,
    is_superuser boolean NOT NULL,
    username character varying(150) NOT NULL,
    first_name character varying(150) NOT NULL,
    last_name character varying(150) NOT NULL,
    email character varying(254) NOT NULL,
    is_staff boolean NOT NULL,
    is_active boolean NOT NULL,
    date_joined timestamp with time zone NOT NULL
);


ALTER TABLE public.auth_user OWNER TO postgres;

--
-- Name: auth_user_groups; Type: TABLE; Schema: public; Owner: postgres
--

CREATE TABLE public.auth_user_groups (
    id bigint NOT NULL,
    user_id integer NOT NULL,
    group_id integer NOT NULL
);


ALTER TABLE public.auth_user_groups OWNER TO postgres;

--
-- Name: auth_user_groups_id_seq; Type: SEQUENCE; Schema: public; Owner: postgres
--

ALTER TABLE public.auth_user_groups ALTER COLUMN id ADD GENERATED BY DEFAULT AS IDENTITY (
    SEQUENCE NAME public.auth_user_groups_id_seq
    START WITH 1
    INCREMENT BY 1
    NO MINVALUE
    NO MAXVALUE
    CACHE 1
);


--
-- Name: auth_user_id_seq; Type: SEQUENCE; Schema: public; Owner: postgres
--

ALTER TABLE public.auth_user ALTER COLUMN id ADD GENERATED BY DEFAULT AS IDENTITY (
    SEQUENCE NAME public.auth_user_id_seq
    START WITH 1
    INCREMENT BY 1
    NO MINVALUE
    NO MAXVALUE
    CACHE 1
);


--
-- Name: auth_user_user_permissions; Type: TABLE; Schema: public; Owner: postgres
--

CREATE TABLE public.auth_user_user_permissions (
    id bigint NOT NULL,
    user_id integer NOT NULL,
    permission_id integer NOT NULL
);


ALTER TABLE public.auth_user_user_permissions OWNER TO postgres;

--
-- Name: auth_user_user_permissions_id_seq; Type: SEQUENCE; Schema: public; Owner: postgres
--

ALTER TABLE public.auth_user_user_permissions ALTER COLUMN id ADD GENERATED BY DEFAULT AS IDENTITY (
    SEQUENCE NAME public.auth_user_user_permissions_id_seq
    START WITH 1
    INCREMENT BY 1
    NO MINVALUE
    NO MAXVALUE
    CACHE 1
);


--
-- Name: django_admin_log; Type: TABLE; Schema: public; Owner: postgres
--

CREATE TABLE public.django_admin_log (
    id integer NOT NULL,
    action_time timestamp with time zone NOT NULL,
    object_id text,
    object_repr character varying(200) NOT NULL,
    action_flag smallint NOT NULL,
    change_message text NOT NULL,
    content_type_id integer,
    user_id integer NOT NULL,
    CONSTRAINT django_admin_log_action_flag_check CHECK ((action_flag >= 0))
);


ALTER TABLE public.django_admin_log OWNER TO postgres;

--
-- Name: django_admin_log_id_seq; Type: SEQUENCE; Schema: public; Owner: postgres
--

ALTER TABLE public.django_admin_log ALTER COLUMN id ADD GENERATED BY DEFAULT AS IDENTITY (
    SEQUENCE NAME public.django_admin_log_id_seq
    START WITH 1
    INCREMENT BY 1
    NO MINVALUE
    NO MAXVALUE
    CACHE 1
);


--
-- Name: django_content_type; Type: TABLE; Schema: public; Owner: postgres
--

CREATE TABLE public.django_content_type (
    id integer NOT NULL,
    app_label character varying(100) NOT NULL,
    model character varying(100) NOT NULL
);


ALTER TABLE public.django_content_type OWNER TO postgres;

--
-- Name: django_content_type_id_seq; Type: SEQUENCE; Schema: public; Owner: postgres
--

ALTER TABLE public.django_content_type ALTER COLUMN id ADD GENERATED BY DEFAULT AS IDENTITY (
    SEQUENCE NAME public.django_content_type_id_seq
    START WITH 1
    INCREMENT BY 1
    NO MINVALUE
    NO MAXVALUE
    CACHE 1
);


--
-- Name: django_migrations; Type: TABLE; Schema: public; Owner: postgres
--

CREATE TABLE public.django_migrations (
    id bigint NOT NULL,
    app character varying(255) NOT NULL,
    name character varying(255) NOT NULL,
    applied timestamp with time zone NOT NULL
);


ALTER TABLE public.django_migrations OWNER TO postgres;

--
-- Name: django_migrations_id_seq; Type: SEQUENCE; Schema: public; Owner: postgres
--

ALTER TABLE public.django_migrations ALTER COLUMN id ADD GENERATED BY DEFAULT AS IDENTITY (
    SEQUENCE NAME public.django_migrations_id_seq
    START WITH 1
    INCREMENT BY 1
    NO MINVALUE
    NO MAXVALUE
    CACHE 1
);


--
-- Name: django_session; Type: TABLE; Schema: public; Owner: postgres
--

CREATE TABLE public.django_session (
    session_key character varying(40) NOT NULL,
    session_data text NOT NULL,
    expire_date timestamp with time zone NOT NULL
);


ALTER TABLE public.django_session OWNER TO postgres;

--
-- Name: django_site; Type: TABLE; Schema: public; Owner: postgres
--

CREATE TABLE public.django_site (
    id integer NOT NULL,
    domain character varying(100) NOT NULL,
    name character varying(50) NOT NULL
);


ALTER TABLE public.django_site OWNER TO postgres;

--
-- Name: django_site_id_seq; Type: SEQUENCE; Schema: public; Owner: postgres
--

ALTER TABLE public.django_site ALTER COLUMN id ADD GENERATED BY DEFAULT AS IDENTITY (
    SEQUENCE NAME public.django_site_id_seq
    START WITH 1
    INCREMENT BY 1
    NO MINVALUE
    NO MAXVALUE
    CACHE 1
);


--
-- Name: socialaccount_socialaccount; Type: TABLE; Schema: public; Owner: postgres
--

CREATE TABLE public.socialaccount_socialaccount (
    id integer NOT NULL,
    provider character varying(30) NOT NULL,
    uid character varying(191) NOT NULL,
    last_login timestamp with time zone NOT NULL,
    date_joined timestamp with time zone NOT NULL,
    extra_data text NOT NULL,
    user_id integer NOT NULL
);


ALTER TABLE public.socialaccount_socialaccount OWNER TO postgres;

--
-- Name: socialaccount_socialaccount_id_seq; Type: SEQUENCE; Schema: public; Owner: postgres
--

ALTER TABLE public.socialaccount_socialaccount ALTER COLUMN id ADD GENERATED BY DEFAULT AS IDENTITY (
    SEQUENCE NAME public.socialaccount_socialaccount_id_seq
    START WITH 1
    INCREMENT BY 1
    NO MINVALUE
    NO MAXVALUE
    CACHE 1
);


--
-- Name: socialaccount_socialapp; Type: TABLE; Schema: public; Owner: postgres
--

CREATE TABLE public.socialaccount_socialapp (
    id integer NOT NULL,
    provider character varying(30) NOT NULL,
    name character varying(40) NOT NULL,
    client_id character varying(191) NOT NULL,
    secret character varying(191) NOT NULL,
    key character varying(191) NOT NULL
);


ALTER TABLE public.socialaccount_socialapp OWNER TO postgres;

--
-- Name: socialaccount_socialapp_id_seq; Type: SEQUENCE; Schema: public; Owner: postgres
--

ALTER TABLE public.socialaccount_socialapp ALTER COLUMN id ADD GENERATED BY DEFAULT AS IDENTITY (
    SEQUENCE NAME public.socialaccount_socialapp_id_seq
    START WITH 1
    INCREMENT BY 1
    NO MINVALUE
    NO MAXVALUE
    CACHE 1
);


--
-- Name: socialaccount_socialtoken; Type: TABLE; Schema: public; Owner: postgres
--

CREATE TABLE public.socialaccount_socialtoken (
    id integer NOT NULL,
    token text NOT NULL,
    token_secret text NOT NULL,
    expires_at timestamp with time zone,
    account_id integer NOT NULL,
    app_id integer NOT NULL
);


ALTER TABLE public.socialaccount_socialtoken OWNER TO postgres;

--
-- Name: socialaccount_socialtoken_id_seq; Type: SEQUENCE; Schema: public; Owner: postgres
--

ALTER TABLE public.socialaccount_socialtoken ALTER COLUMN id ADD GENERATED BY DEFAULT AS IDENTITY (
    SEQUENCE NAME public.socialaccount_socialtoken_id_seq
    START WITH 1
    INCREMENT BY 1
    NO MINVALUE
    NO MAXVALUE
    CACHE 1
);


--
-- Data for Name: AutomationApp_acceptorder; Type: TABLE DATA; Schema: public; Owner: postgres
--

COPY public."AutomationApp_acceptorder" (id, "Admin", "Customername", "Province", "MunicipalityCity", "Barangay", "StreetPurok", "Housenumber", "LandmarksnNotes", "DeliveryFee", "Rider", contactnumber, "Bill", "Change", "ETA", productname, "Category", "Subcategory", "Size", "Addons", "QtyAddons", "PSize", "Price", "Subtotal", "GSubtotal", "Cost", "Qty", "MOP", ordertype, "Timetodeliver", "ScheduleTime", gpslat, gpslng, gpsaccuracy, pinnedlat, pinnedlng, tokens, "DateTime", codecoupon) FROM stdin;
\.


--
-- Data for Name: AutomationApp_acknowledgedstockorder; Type: TABLE DATA; Schema: public; Owner: postgres
--

COPY public."AutomationApp_acknowledgedstockorder" (id, "user", productname, "Category", "Price", "Subtotal", "Cost", "Qty", "CusName", "DeliveryAddress", "ShippingFee", contactnumber, "DateTime") FROM stdin;
\.


--
-- Data for Name: AutomationApp_categories; Type: TABLE DATA; Schema: public; Owner: postgres
--

COPY public."AutomationApp_categories" (id, "Categorychoices") FROM stdin;
1	Milktea
2	Frappe
3	Freeze
4	Snacks
5	Add-ons
\.


--
-- Data for Name: AutomationApp_categoriescoupon; Type: TABLE DATA; Schema: public; Owner: postgres
--

COPY public."AutomationApp_categoriescoupon" (id, "CategoryCouponchoices") FROM stdin;
\.


--
-- Data for Name: AutomationApp_couponlist; Type: TABLE DATA; Schema: public; Owner: postgres
--

COPY public."AutomationApp_couponlist" (id, couponname, code, url, pieces, discountamount, "is_withMinimumAmount", is_consumable, is_active, "MinimumAmount", category_id, user_id, redeemlimit) FROM stdin;
\.


--
-- Data for Name: AutomationApp_customer; Type: TABLE DATA; Schema: public; Owner: postgres
--

COPY public."AutomationApp_customer" (id, "Admin", "Customername", "Province", "MunicipalityCity", "Barangay", "StreetPurok", "Housenumber", "LandmarksnNotes", "DeliveryFee", contactnumber, "Bill", "Change", productname, "Category", "Subcategory", "Size", "Addons", "QtyAddons", "PSize", "Price", "Subtotal", "GSubtotal", "Cost", "Qty", "MOP", ordertype, "Timetodeliver", "ScheduleTime", gpslat, gpslng, gpsaccuracy, pinnedlat, pinnedlng, tokens, "DateTime", codecoupon) FROM stdin;
\.


--
-- Data for Name: AutomationApp_dailysales; Type: TABLE DATA; Schema: public; Owner: postgres
--

COPY public."AutomationApp_dailysales" (id, "user", "DateTime", "Sales", "Expenses", "Startstocks", "Endstocks", "Valuestocks", "Net") FROM stdin;
37	2	2022-11-08 17:30:46.028106+08	0	0.00	0.00	0.00	0.00	0.00
42	1	2022-11-08 17:30:22.9275+08	120	0.00	0.00	0.00	0.00	70.00
\.


--
-- Data for Name: AutomationApp_psizes; Type: TABLE DATA; Schema: public; Owner: postgres
--

COPY public."AutomationApp_psizes" (id, "PSizechoices") FROM stdin;
1	Barkada(10")
2	Pamilya(12")
\.


--
-- Data for Name: AutomationApp_punchedprod; Type: TABLE DATA; Schema: public; Owner: postgres
--

COPY public."AutomationApp_punchedprod" (id, "user", productname, "Category", "Subcategory", "Size", "PSize", "Price", "Subtotal", "Cost", "Qty", "DateTime") FROM stdin;
\.


--
-- Data for Name: AutomationApp_punchedprodso; Type: TABLE DATA; Schema: public; Owner: postgres
--

COPY public."AutomationApp_punchedprodso" (id, "user", productname, "Category", "Subcategory", "Size", "PSize", "Price", "Subtotal", "Cost", "Qty", "DateTime") FROM stdin;
\.


--
-- Data for Name: AutomationApp_queue1; Type: TABLE DATA; Schema: public; Owner: postgres
--

COPY public."AutomationApp_queue1" (id, "user", productname, "Category", "Subcategory", "Size", "PSize", "Price", "Subtotal", "Cost", "Qty", "Bill", "Change", "CusName", "DateTime") FROM stdin;
\.


--
-- Data for Name: AutomationApp_queue2; Type: TABLE DATA; Schema: public; Owner: postgres
--

COPY public."AutomationApp_queue2" (id, "user", productname, "Category", "Subcategory", "Size", "PSize", "Price", "Subtotal", "Cost", "Qty", "Bill", "Change", "CusName", "DateTime") FROM stdin;
\.


--
-- Data for Name: AutomationApp_queue3; Type: TABLE DATA; Schema: public; Owner: postgres
--

COPY public."AutomationApp_queue3" (id, "user", productname, "Category", "Subcategory", "Size", "PSize", "Price", "Subtotal", "Cost", "Qty", "Bill", "Change", "CusName", "DateTime") FROM stdin;
\.


--
-- Data for Name: AutomationApp_rejectorder; Type: TABLE DATA; Schema: public; Owner: postgres
--

COPY public."AutomationApp_rejectorder" (id, "Admin", "Customername", "Province", "MunicipalityCity", "Barangay", "StreetPurok", "Housenumber", "LandmarksnNotes", "DeliveryFee", contactnumber, "Bill", "Change", productname, "Category", "Subcategory", "Size", "Addons", "QtyAddons", "PSize", "Price", "Subtotal", "GSubtotal", "Cost", "Qty", "MOP", ordertype, "Timetodeliver", "ScheduleTime", gpslat, gpslng, gpsaccuracy, pinnedlat, pinnedlng, tokens, "DateTime", codecoupon) FROM stdin;
\.


--
-- Data for Name: AutomationApp_saecat; Type: TABLE DATA; Schema: public; Owner: postgres
--

COPY public."AutomationApp_saecat" (id, saecatchoices) FROM stdin;
1	Stock
2	Expenses
\.


--
-- Data for Name: AutomationApp_saesubcate; Type: TABLE DATA; Schema: public; Owner: postgres
--

COPY public."AutomationApp_saesubcate" (id, saesubcatchoices) FROM stdin;
\.


--
-- Data for Name: AutomationApp_saesubcats; Type: TABLE DATA; Schema: public; Owner: postgres
--

COPY public."AutomationApp_saesubcats" (id, saesubcatchoices) FROM stdin;
\.


--
-- Data for Name: AutomationApp_sales; Type: TABLE DATA; Schema: public; Owner: postgres
--

COPY public."AutomationApp_sales" (id, "user", productname, "Category", "Subcategory", "Size", "PSize", "Price", "Subtotal", "GSubtotal", "Cost", "Qty", "Addons", "QtyAddons", "Bill", "Change", "MOP", ordertype, gpslat, gpslng, gpsaccuracy, pinnedlat, pinnedlng, "Province", "MunicipalityCity", "Barangay", "StreetPurok", "Housenumber", "LandmarksnNotes", "ScheduleTime", "Timetodeliver", "DeliveryFee", contactnumber, "CusName", "Amount", "Description", "Receipt", tokens, "DateTime", "Categoryaes_id", "Subcategorye_id", "Subcategorys_id", "RequiredMinimumAmount", codecoupon, discount) FROM stdin;
1	1	DeliveryFee	DeliveryFee	DeliveryFee	\N	\N	10	10	120	0.00	1	\N	0	150	30	COD	Online	15.60420000000000051443	120.60160000000000479758	1.00000000000000000000	15.40360331317075370805	120.60765266418458452335	Tarlac	Concepcion	San Agustin(Murcia)	Tobias	903	asdf	00:00pm	Now	10	9770120167	Kim Jasper De Guzman	0.00			eLx-9ug215d4GAGtBPZq6X:APA91bF9w9HkeHaJzS6NZ0zuMSGNbm_Da_yfR5PPrKSvxbVd8a2t00_mHtqv9UxOqAX3zOrpfaPCCjHqVk2C_ZvcF9VkaYCeZMuZJnwCbfmw-aU3uHMHW_hF_4Fo5G7Mx2JLNiV8v2Fu	2022-11-08 17:30:22.9275+08	\N	\N	\N	0		
2	1	Darkchoco	Milktea	\N	Full	\N	100	110	120	50.00	1	Nata	1	150	30	COD	Online	15.60420000000000000000	120.60160000000000000000	1.00000000000000000000	15.40360331317075400000	120.60765266418458000000	Tarlac	Concepcion	San Agustin(Murcia)	Tobias	903	asdf	00:00pm	Now	10	9770120167	Kim Jasper De Guzman	0.00			eLx-9ug215d4GAGtBPZq6X:APA91bF9w9HkeHaJzS6NZ0zuMSGNbm_Da_yfR5PPrKSvxbVd8a2t00_mHtqv9UxOqAX3zOrpfaPCCjHqVk2C_ZvcF9VkaYCeZMuZJnwCbfmw-aU3uHMHW_hF_4Fo5G7Mx2JLNiV8v2Fu	2022-11-08 17:30:22.9275+08	\N	\N	\N	0		
\.


--
-- Data for Name: AutomationApp_sizes; Type: TABLE DATA; Schema: public; Owner: postgres
--

COPY public."AutomationApp_sizes" (id, "Sizechoices") FROM stdin;
1	Reg
2	Full
3	Small
\.


--
-- Data for Name: AutomationApp_subcategories; Type: TABLE DATA; Schema: public; Owner: postgres
--

COPY public."AutomationApp_subcategories" (id, "Subcategorychoices") FROM stdin;
1	Pizza
2	Fries
3	Shawarma
4	Cookies
5	Bubble Waffle
\.


--
-- Data for Name: AutomationApp_submitstockorder; Type: TABLE DATA; Schema: public; Owner: postgres
--

COPY public."AutomationApp_submitstockorder" (id, "user", productname, "Category", "Price", "Subtotal", "Cost", "Qty", "CusName", "DeliveryAddress", "ShippingFee", contactnumber, "DateTime") FROM stdin;
\.


--
-- Data for Name: AutomationApp_timesheet; Type: TABLE DATA; Schema: public; Owner: postgres
--

COPY public."AutomationApp_timesheet" (id, "Admin", "Employeename", "Day", "Timein", "Timeout", "Totalmins", "Productimg", "Sales", "Identifybonus", "ASLbalance", "ISalary", "FSalary", "DateTime") FROM stdin;
\.


--
-- Data for Name: AutomationApp_user1; Type: TABLE DATA; Schema: public; Owner: postgres
--

COPY public."AutomationApp_user1" (id, productname, "Price", "Cost", "Qty", "Promo", "Category_id", "PSize_id", "Size_id", "Subcategory_id", user_id, "PDescription") FROM stdin;
1	Darkchoco	100	50.00	1		1	\N	2	\N	1	
2	Darkchoco	75	40.00	1		1	\N	1	\N	1	
3	Darkchoco	60	30.00	1		1	\N	3	\N	1	
\.


--
-- Data for Name: account_emailaddress; Type: TABLE DATA; Schema: public; Owner: postgres
--

COPY public.account_emailaddress (id, email, verified, "primary", user_id) FROM stdin;
\.


--
-- Data for Name: account_emailconfirmation; Type: TABLE DATA; Schema: public; Owner: postgres
--

COPY public.account_emailconfirmation (id, created, sent, key, email_address_id) FROM stdin;
\.


--
-- Data for Name: auth_group; Type: TABLE DATA; Schema: public; Owner: postgres
--

COPY public.auth_group (id, name) FROM stdin;
\.


--
-- Data for Name: auth_group_permissions; Type: TABLE DATA; Schema: public; Owner: postgres
--

COPY public.auth_group_permissions (id, group_id, permission_id) FROM stdin;
\.


--
-- Data for Name: auth_permission; Type: TABLE DATA; Schema: public; Owner: postgres
--

COPY public.auth_permission (id, name, content_type_id, codename) FROM stdin;
1	Can add log entry	1	add_logentry
2	Can change log entry	1	change_logentry
3	Can delete log entry	1	delete_logentry
4	Can view log entry	1	view_logentry
5	Can add permission	2	add_permission
6	Can change permission	2	change_permission
7	Can delete permission	2	delete_permission
8	Can view permission	2	view_permission
9	Can add group	3	add_group
10	Can change group	3	change_group
11	Can delete group	3	delete_group
12	Can view group	3	view_group
13	Can add user	4	add_user
14	Can change user	4	change_user
15	Can delete user	4	delete_user
16	Can view user	4	view_user
17	Can add content type	5	add_contenttype
18	Can change content type	5	change_contenttype
19	Can delete content type	5	delete_contenttype
20	Can view content type	5	view_contenttype
21	Can add session	6	add_session
22	Can change session	6	change_session
23	Can delete session	6	delete_session
24	Can view session	6	view_session
25	Can add categories	7	add_categories
26	Can change categories	7	change_categories
27	Can delete categories	7	delete_categories
28	Can view categories	7	view_categories
29	Can add p sizes	8	add_psizes
30	Can change p sizes	8	change_psizes
31	Can delete p sizes	8	delete_psizes
32	Can view p sizes	8	view_psizes
33	Can add subcategories	9	add_subcategories
34	Can change subcategories	9	change_subcategories
35	Can delete subcategories	9	delete_subcategories
36	Can view subcategories	9	view_subcategories
37	Can add user1	10	add_user1
38	Can change user1	10	change_user1
39	Can delete user1	10	delete_user1
40	Can view user1	10	view_user1
41	Can add sizes	11	add_sizes
42	Can change sizes	11	change_sizes
43	Can delete sizes	11	delete_sizes
44	Can view sizes	11	view_sizes
45	Can add acceptorder	12	add_acceptorder
46	Can change acceptorder	12	change_acceptorder
47	Can delete acceptorder	12	delete_acceptorder
48	Can view acceptorder	12	view_acceptorder
49	Can add acknowledgedstockorder	13	add_acknowledgedstockorder
50	Can change acknowledgedstockorder	13	change_acknowledgedstockorder
51	Can delete acknowledgedstockorder	13	delete_acknowledgedstockorder
52	Can view acknowledgedstockorder	13	view_acknowledgedstockorder
53	Can add customer	14	add_customer
54	Can change customer	14	change_customer
55	Can delete customer	14	delete_customer
56	Can view customer	14	view_customer
57	Can add dailysales	15	add_dailysales
58	Can change dailysales	15	change_dailysales
59	Can delete dailysales	15	delete_dailysales
60	Can view dailysales	15	view_dailysales
61	Can add punchedprod	16	add_punchedprod
62	Can change punchedprod	16	change_punchedprod
63	Can delete punchedprod	16	delete_punchedprod
64	Can view punchedprod	16	view_punchedprod
65	Can add punchedprodso	17	add_punchedprodso
66	Can change punchedprodso	17	change_punchedprodso
67	Can delete punchedprodso	17	delete_punchedprodso
68	Can view punchedprodso	17	view_punchedprodso
69	Can add queue1	18	add_queue1
70	Can change queue1	18	change_queue1
71	Can delete queue1	18	delete_queue1
72	Can view queue1	18	view_queue1
73	Can add queue2	19	add_queue2
74	Can change queue2	19	change_queue2
75	Can delete queue2	19	delete_queue2
76	Can view queue2	19	view_queue2
77	Can add queue3	20	add_queue3
78	Can change queue3	20	change_queue3
79	Can delete queue3	20	delete_queue3
80	Can view queue3	20	view_queue3
81	Can add rejectorder	21	add_rejectorder
82	Can change rejectorder	21	change_rejectorder
83	Can delete rejectorder	21	delete_rejectorder
84	Can view rejectorder	21	view_rejectorder
85	Can add saecat	22	add_saecat
86	Can change saecat	22	change_saecat
87	Can delete saecat	22	delete_saecat
88	Can view saecat	22	view_saecat
89	Can add saesubcate	23	add_saesubcate
90	Can change saesubcate	23	change_saesubcate
91	Can delete saesubcate	23	delete_saesubcate
92	Can view saesubcate	23	view_saesubcate
93	Can add saesubcats	24	add_saesubcats
94	Can change saesubcats	24	change_saesubcats
95	Can delete saesubcats	24	delete_saesubcats
96	Can view saesubcats	24	view_saesubcats
97	Can add submitstockorder	25	add_submitstockorder
98	Can change submitstockorder	25	change_submitstockorder
99	Can delete submitstockorder	25	delete_submitstockorder
100	Can view submitstockorder	25	view_submitstockorder
101	Can add timesheet	26	add_timesheet
102	Can change timesheet	26	change_timesheet
103	Can delete timesheet	26	delete_timesheet
104	Can view timesheet	26	view_timesheet
105	Can add sales	27	add_sales
106	Can change sales	27	change_sales
107	Can delete sales	27	delete_sales
108	Can view sales	27	view_sales
109	Can add email address	28	add_emailaddress
110	Can change email address	28	change_emailaddress
111	Can delete email address	28	delete_emailaddress
112	Can view email address	28	view_emailaddress
113	Can add email confirmation	29	add_emailconfirmation
114	Can change email confirmation	29	change_emailconfirmation
115	Can delete email confirmation	29	delete_emailconfirmation
116	Can view email confirmation	29	view_emailconfirmation
117	Can add social account	30	add_socialaccount
118	Can change social account	30	change_socialaccount
119	Can delete social account	30	delete_socialaccount
120	Can view social account	30	view_socialaccount
121	Can add social application	31	add_socialapp
122	Can change social application	31	change_socialapp
123	Can delete social application	31	delete_socialapp
124	Can view social application	31	view_socialapp
125	Can add social application token	32	add_socialtoken
126	Can change social application token	32	change_socialtoken
127	Can delete social application token	32	delete_socialtoken
128	Can view social application token	32	view_socialtoken
129	Can add site	33	add_site
130	Can change site	33	change_site
131	Can delete site	33	delete_site
132	Can view site	33	view_site
133	Can add social application	34	add_socialapp
134	Can change social application	34	change_socialapp
135	Can delete social application	34	delete_socialapp
136	Can view social application	34	view_socialapp
137	Can add social account	35	add_socialaccount
138	Can change social account	35	change_socialaccount
139	Can delete social account	35	delete_socialaccount
140	Can view social account	35	view_socialaccount
141	Can add social application token	36	add_socialtoken
142	Can change social application token	36	change_socialtoken
143	Can delete social application token	36	delete_socialtoken
144	Can view social application token	36	view_socialtoken
145	Can add categories coupon	37	add_categoriescoupon
146	Can change categories coupon	37	change_categoriescoupon
147	Can delete categories coupon	37	delete_categoriescoupon
148	Can view categories coupon	37	view_categoriescoupon
149	Can add couponlist	38	add_couponlist
150	Can change couponlist	38	change_couponlist
151	Can delete couponlist	38	delete_couponlist
152	Can view couponlist	38	view_couponlist
\.


--
-- Data for Name: auth_user; Type: TABLE DATA; Schema: public; Owner: postgres
--

COPY public.auth_user (id, password, last_login, is_superuser, username, first_name, last_name, email, is_staff, is_active, date_joined) FROM stdin;
1	pbkdf2_sha256$390000$uQ6AhQmFlrWria0RJIPxgd$FFYxM3OHK1NElexDOKsOARz5sAoQnGUYT2F2L8gPbLs=	2022-11-09 16:16:06.225472+08	t	appey30				t	t	2022-11-07 15:11:41.610035+08
2	pbkdf2_sha256$390000$mLqQuwp68r6vM5fnCBLpro$U38nexRc85dD5+jTggLIWks7QoN5dIGrJcRKXZeSiqY=	2022-11-09 16:16:41.090887+08	f	Kimjasper30	Kim Jasper	De Guzman	appey_30@yahoo.com	f	t	2022-11-08 17:05:44.997079+08
\.


--
-- Data for Name: auth_user_groups; Type: TABLE DATA; Schema: public; Owner: postgres
--

COPY public.auth_user_groups (id, user_id, group_id) FROM stdin;
\.


--
-- Data for Name: auth_user_user_permissions; Type: TABLE DATA; Schema: public; Owner: postgres
--

COPY public.auth_user_user_permissions (id, user_id, permission_id) FROM stdin;
\.


--
-- Data for Name: django_admin_log; Type: TABLE DATA; Schema: public; Owner: postgres
--

COPY public.django_admin_log (id, action_time, object_id, object_repr, action_flag, change_message, content_type_id, user_id) FROM stdin;
1	2022-11-08 17:21:06.30685+08	1	Milktea	1	[{"added": {}}]	7	1
2	2022-11-08 17:21:13.031482+08	2	Frappe	1	[{"added": {}}]	7	1
3	2022-11-08 17:21:17.918984+08	3	Freeze	1	[{"added": {}}]	7	1
4	2022-11-08 17:21:29.421183+08	4	Snacks	1	[{"added": {}}]	7	1
5	2022-11-08 17:21:34.101128+08	5	Add-ons	1	[{"added": {}}]	7	1
6	2022-11-08 17:21:50.48815+08	1	Pizza	1	[{"added": {}}]	9	1
7	2022-11-08 17:21:57.995925+08	2	Fries	1	[{"added": {}}]	9	1
8	2022-11-08 17:22:02.269702+08	3	Shawarma	1	[{"added": {}}]	9	1
9	2022-11-08 17:22:06.441076+08	4	Cookies	1	[{"added": {}}]	9	1
10	2022-11-08 17:22:10.428087+08	5	Bubble Waffle	1	[{"added": {}}]	9	1
11	2022-11-08 17:22:20.190509+08	1	Reg	1	[{"added": {}}]	11	1
12	2022-11-08 17:22:23.41155+08	2	Full	1	[{"added": {}}]	11	1
13	2022-11-08 17:22:46.625572+08	1	Barkada(10")	1	[{"added": {}}]	8	1
14	2022-11-08 17:23:00.320483+08	2	Pamilya(12")	1	[{"added": {}}]	8	1
15	2022-11-08 17:23:56.750566+08	1	Stock	1	[{"added": {}}]	22	1
16	2022-11-08 17:24:01.787817+08	2	Expenses	1	[{"added": {}}]	22	1
17	2022-11-08 18:22:02.176999+08	3	Small	1	[{"added": {}}]	11	1
\.


--
-- Data for Name: django_content_type; Type: TABLE DATA; Schema: public; Owner: postgres
--

COPY public.django_content_type (id, app_label, model) FROM stdin;
1	admin	logentry
2	auth	permission
3	auth	group
4	auth	user
5	contenttypes	contenttype
6	sessions	session
7	AutomationApp	categories
8	AutomationApp	psizes
9	AutomationApp	subcategories
10	AutomationApp	user1
11	AutomationApp	sizes
12	AutomationApp	acceptorder
13	AutomationApp	acknowledgedstockorder
14	AutomationApp	customer
15	AutomationApp	dailysales
16	AutomationApp	punchedprod
17	AutomationApp	punchedprodso
18	AutomationApp	queue1
19	AutomationApp	queue2
20	AutomationApp	queue3
21	AutomationApp	rejectorder
22	AutomationApp	saecat
23	AutomationApp	saesubcate
24	AutomationApp	saesubcats
25	AutomationApp	submitstockorder
26	AutomationApp	timesheet
27	AutomationApp	sales
28	account	emailaddress
29	account	emailconfirmation
30	socialaccount	socialaccount
31	socialaccount	socialapp
32	socialaccount	socialtoken
33	sites	site
34	allauth	socialapp
35	allauth	socialaccount
36	allauth	socialtoken
37	AutomationApp	categoriescoupon
38	AutomationApp	couponlist
\.


--
-- Data for Name: django_migrations; Type: TABLE DATA; Schema: public; Owner: postgres
--

COPY public.django_migrations (id, app, name, applied) FROM stdin;
1	contenttypes	0001_initial	2022-11-07 08:55:39.049744+08
2	auth	0001_initial	2022-11-07 08:55:39.590333+08
3	admin	0001_initial	2022-11-07 08:55:39.702389+08
4	admin	0002_logentry_remove_auto_add	2022-11-07 08:55:39.722512+08
5	admin	0003_logentry_add_action_flag_choices	2022-11-07 08:55:39.744475+08
6	contenttypes	0002_remove_content_type_name	2022-11-07 08:55:39.789447+08
7	auth	0002_alter_permission_name_max_length	2022-11-07 08:55:39.80544+08
8	auth	0003_alter_user_email_max_length	2022-11-07 08:55:39.821453+08
9	auth	0004_alter_user_username_opts	2022-11-07 08:55:39.837341+08
10	auth	0005_alter_user_last_login_null	2022-11-07 08:55:39.854011+08
11	auth	0006_require_contenttypes_0002	2022-11-07 08:55:39.858008+08
12	auth	0007_alter_validators_add_error_messages	2022-11-07 08:55:39.873+08
13	auth	0008_alter_user_username_max_length	2022-11-07 08:55:39.918186+08
14	auth	0009_alter_user_last_name_max_length	2022-11-07 08:55:39.935179+08
15	auth	0010_alter_group_name_max_length	2022-11-07 08:55:39.955187+08
16	auth	0011_update_proxy_permissions	2022-11-07 08:55:39.970161+08
17	auth	0012_alter_user_first_name_max_length	2022-11-07 08:55:39.987206+08
18	sessions	0001_initial	2022-11-07 08:55:40.047727+08
19	AutomationApp	0001_initial	2022-11-07 14:51:56.212686+08
20	AutomationApp	0002_acceptorder_acknowledgedstockorder_customer_and_more	2022-11-08 05:11:26.863956+08
21	account	0001_initial	2022-11-08 05:11:27.08113+08
22	account	0002_email_max_length	2022-11-08 05:11:27.18405+08
23	socialaccount	0001_initial	2022-11-08 05:11:27.538047+08
24	socialaccount	0002_token_max_lengths	2022-11-08 05:11:27.593145+08
25	socialaccount	0003_extra_data_default_dict	2022-11-08 05:11:27.617101+08
26	AutomationApp	0003_remove_user1_productimg_user1_pdescription	2022-11-10 20:09:24.121044+08
27	AutomationApp	0004_alter_user1_pdescription	2022-11-12 10:37:39.484407+08
28	sites	0001_initial	2022-11-12 12:46:06.563275+08
29	sites	0002_alter_domain_unique	2022-11-12 12:46:06.628153+08
30	AutomationApp	0005_alter_user1_productname	2022-11-13 12:05:41.729462+08
31	AutomationApp	0006_categoriescoupon_couponlist	2022-11-16 14:53:37.459559+08
32	AutomationApp	0007_couponlist_is_withvalidity	2022-11-20 18:59:35.699235+08
33	AutomationApp	0008_alter_couponlist_validfrom_and_more	2022-11-20 20:34:01.112969+08
34	AutomationApp	0009_remove_couponlist_is_withvalidity_and_more	2022-11-21 14:05:29.332482+08
35	AutomationApp	0010_remove_couponlist_qr	2022-11-21 21:00:29.816262+08
36	AutomationApp	0011_rename_is_consumed_couponlist_is_consumable_and_more	2022-11-22 18:30:13.682466+08
37	AutomationApp	0012_alter_couponlist_numberredeem	2022-11-22 18:30:13.738901+08
38	AutomationApp	0013_remove_couponlist_numberredeem_and_more	2022-11-22 18:30:13.782119+08
39	AutomationApp	0014_acceptorder_codecoupon_customer_codecoupon_and_more	2022-11-22 20:58:41.70864+08
40	AutomationApp	0015_alter_acceptorder_customername_and_more	2022-11-25 02:02:03.357916+08
\.


--
-- Data for Name: django_session; Type: TABLE DATA; Schema: public; Owner: postgres
--

COPY public.django_session (session_key, session_data, expire_date) FROM stdin;
uhyifp468qbb3rlidwhebh8xlqne6lhm	.eJxVjMsOwiAQRf-FtSFQoDPj0n2_gcwA2qqBpI-V8d-1SRe6veec-1KRt3WM21LmOGV1Vladfjfh9Ch1B_nO9dZ0anWdJ9G7og-66KHl8rwc7t_ByMv4rXsJvmMJSGCTRybhbDwY6JAsQhfEOu4Z0BSHhFySIxHp2V4hgCP1_gDDazcj:1osKz4:r9AyoJosd7Do0PTR8YZEQbXNIuPgG0eX3ys49IMWYrM	2022-11-22 17:33:30.658031+08
qjw05vdirlkjmnvflzg5aqdu2018vtnd	.eJxVjMsOwiAQAP-FsyE8pXr03m8gu-wiVQNJaU_GfzckPeh1ZjJvEWHfStw7r3EhcRVGnH4ZQnpyHYIeUO9Npla3dUE5EnnYLudG_Lod7d-gQC9jq53ymilr5yig8WAIkO1lcgZwIo0qac_WnBHRBss5IxmbArFCDVl8vupUOMc:1osgGH:73zdc2--mGaf5FIZXVeK1ZC4_YbRIMiqgNPxn5EjOvQ	2022-11-23 16:16:41.095885+08
\.


--
-- Data for Name: django_site; Type: TABLE DATA; Schema: public; Owner: postgres
--

COPY public.django_site (id, domain, name) FROM stdin;
1	example.com	example.com
\.


--
-- Data for Name: socialaccount_socialaccount; Type: TABLE DATA; Schema: public; Owner: postgres
--

COPY public.socialaccount_socialaccount (id, provider, uid, last_login, date_joined, extra_data, user_id) FROM stdin;
\.


--
-- Data for Name: socialaccount_socialapp; Type: TABLE DATA; Schema: public; Owner: postgres
--

COPY public.socialaccount_socialapp (id, provider, name, client_id, secret, key) FROM stdin;
\.


--
-- Data for Name: socialaccount_socialtoken; Type: TABLE DATA; Schema: public; Owner: postgres
--

COPY public.socialaccount_socialtoken (id, token, token_secret, expires_at, account_id, app_id) FROM stdin;
\.


--
-- Name: AutomationApp_acceptorder_id_seq; Type: SEQUENCE SET; Schema: public; Owner: postgres
--

SELECT pg_catalog.setval('public."AutomationApp_acceptorder_id_seq"', 2, true);


--
-- Name: AutomationApp_acknowledgedstockorder_id_seq; Type: SEQUENCE SET; Schema: public; Owner: postgres
--

SELECT pg_catalog.setval('public."AutomationApp_acknowledgedstockorder_id_seq"', 1, false);


--
-- Name: AutomationApp_categories_id_seq; Type: SEQUENCE SET; Schema: public; Owner: postgres
--

SELECT pg_catalog.setval('public."AutomationApp_categories_id_seq"', 5, true);


--
-- Name: AutomationApp_categoriescoupon_id_seq; Type: SEQUENCE SET; Schema: public; Owner: postgres
--

SELECT pg_catalog.setval('public."AutomationApp_categoriescoupon_id_seq"', 1, false);


--
-- Name: AutomationApp_couponlist_id_seq; Type: SEQUENCE SET; Schema: public; Owner: postgres
--

SELECT pg_catalog.setval('public."AutomationApp_couponlist_id_seq"', 1, false);


--
-- Name: AutomationApp_customer_id_seq; Type: SEQUENCE SET; Schema: public; Owner: postgres
--

SELECT pg_catalog.setval('public."AutomationApp_customer_id_seq"', 1, true);


--
-- Name: AutomationApp_dailysales_id_seq; Type: SEQUENCE SET; Schema: public; Owner: postgres
--

SELECT pg_catalog.setval('public."AutomationApp_dailysales_id_seq"', 42, true);


--
-- Name: AutomationApp_psizes_id_seq; Type: SEQUENCE SET; Schema: public; Owner: postgres
--

SELECT pg_catalog.setval('public."AutomationApp_psizes_id_seq"', 2, true);


--
-- Name: AutomationApp_punchedprod_id_seq; Type: SEQUENCE SET; Schema: public; Owner: postgres
--

SELECT pg_catalog.setval('public."AutomationApp_punchedprod_id_seq"', 1, false);


--
-- Name: AutomationApp_punchedprodso_id_seq; Type: SEQUENCE SET; Schema: public; Owner: postgres
--

SELECT pg_catalog.setval('public."AutomationApp_punchedprodso_id_seq"', 1, false);


--
-- Name: AutomationApp_queue1_id_seq; Type: SEQUENCE SET; Schema: public; Owner: postgres
--

SELECT pg_catalog.setval('public."AutomationApp_queue1_id_seq"', 1, false);


--
-- Name: AutomationApp_queue2_id_seq; Type: SEQUENCE SET; Schema: public; Owner: postgres
--

SELECT pg_catalog.setval('public."AutomationApp_queue2_id_seq"', 1, false);


--
-- Name: AutomationApp_queue3_id_seq; Type: SEQUENCE SET; Schema: public; Owner: postgres
--

SELECT pg_catalog.setval('public."AutomationApp_queue3_id_seq"', 1, false);


--
-- Name: AutomationApp_rejectorder_id_seq; Type: SEQUENCE SET; Schema: public; Owner: postgres
--

SELECT pg_catalog.setval('public."AutomationApp_rejectorder_id_seq"', 1, false);


--
-- Name: AutomationApp_saecat_id_seq; Type: SEQUENCE SET; Schema: public; Owner: postgres
--

SELECT pg_catalog.setval('public."AutomationApp_saecat_id_seq"', 2, true);


--
-- Name: AutomationApp_saesubcate_id_seq; Type: SEQUENCE SET; Schema: public; Owner: postgres
--

SELECT pg_catalog.setval('public."AutomationApp_saesubcate_id_seq"', 1, false);


--
-- Name: AutomationApp_saesubcats_id_seq; Type: SEQUENCE SET; Schema: public; Owner: postgres
--

SELECT pg_catalog.setval('public."AutomationApp_saesubcats_id_seq"', 1, false);


--
-- Name: AutomationApp_sales_id_seq; Type: SEQUENCE SET; Schema: public; Owner: postgres
--

SELECT pg_catalog.setval('public."AutomationApp_sales_id_seq"', 2, true);


--
-- Name: AutomationApp_sizes_id_seq; Type: SEQUENCE SET; Schema: public; Owner: postgres
--

SELECT pg_catalog.setval('public."AutomationApp_sizes_id_seq"', 3, true);


--
-- Name: AutomationApp_subcategories_id_seq; Type: SEQUENCE SET; Schema: public; Owner: postgres
--

SELECT pg_catalog.setval('public."AutomationApp_subcategories_id_seq"', 5, true);


--
-- Name: AutomationApp_submitstockorder_id_seq; Type: SEQUENCE SET; Schema: public; Owner: postgres
--

SELECT pg_catalog.setval('public."AutomationApp_submitstockorder_id_seq"', 1, false);


--
-- Name: AutomationApp_timesheet_id_seq; Type: SEQUENCE SET; Schema: public; Owner: postgres
--

SELECT pg_catalog.setval('public."AutomationApp_timesheet_id_seq"', 1, false);


--
-- Name: AutomationApp_user1_id_seq; Type: SEQUENCE SET; Schema: public; Owner: postgres
--

SELECT pg_catalog.setval('public."AutomationApp_user1_id_seq"', 3, true);


--
-- Name: account_emailaddress_id_seq; Type: SEQUENCE SET; Schema: public; Owner: postgres
--

SELECT pg_catalog.setval('public.account_emailaddress_id_seq', 1, false);


--
-- Name: account_emailconfirmation_id_seq; Type: SEQUENCE SET; Schema: public; Owner: postgres
--

SELECT pg_catalog.setval('public.account_emailconfirmation_id_seq', 1, false);


--
-- Name: auth_group_id_seq; Type: SEQUENCE SET; Schema: public; Owner: postgres
--

SELECT pg_catalog.setval('public.auth_group_id_seq', 1, false);


--
-- Name: auth_group_permissions_id_seq; Type: SEQUENCE SET; Schema: public; Owner: postgres
--

SELECT pg_catalog.setval('public.auth_group_permissions_id_seq', 1, false);


--
-- Name: auth_permission_id_seq; Type: SEQUENCE SET; Schema: public; Owner: postgres
--

SELECT pg_catalog.setval('public.auth_permission_id_seq', 152, true);


--
-- Name: auth_user_groups_id_seq; Type: SEQUENCE SET; Schema: public; Owner: postgres
--

SELECT pg_catalog.setval('public.auth_user_groups_id_seq', 1, false);


--
-- Name: auth_user_id_seq; Type: SEQUENCE SET; Schema: public; Owner: postgres
--

SELECT pg_catalog.setval('public.auth_user_id_seq', 2, true);


--
-- Name: auth_user_user_permissions_id_seq; Type: SEQUENCE SET; Schema: public; Owner: postgres
--

SELECT pg_catalog.setval('public.auth_user_user_permissions_id_seq', 1, false);


--
-- Name: django_admin_log_id_seq; Type: SEQUENCE SET; Schema: public; Owner: postgres
--

SELECT pg_catalog.setval('public.django_admin_log_id_seq', 17, true);


--
-- Name: django_content_type_id_seq; Type: SEQUENCE SET; Schema: public; Owner: postgres
--

SELECT pg_catalog.setval('public.django_content_type_id_seq', 38, true);


--
-- Name: django_migrations_id_seq; Type: SEQUENCE SET; Schema: public; Owner: postgres
--

SELECT pg_catalog.setval('public.django_migrations_id_seq', 72, true);


--
-- Name: django_site_id_seq; Type: SEQUENCE SET; Schema: public; Owner: postgres
--

SELECT pg_catalog.setval('public.django_site_id_seq', 1, true);


--
-- Name: socialaccount_socialaccount_id_seq; Type: SEQUENCE SET; Schema: public; Owner: postgres
--

SELECT pg_catalog.setval('public.socialaccount_socialaccount_id_seq', 1, false);


--
-- Name: socialaccount_socialapp_id_seq; Type: SEQUENCE SET; Schema: public; Owner: postgres
--

SELECT pg_catalog.setval('public.socialaccount_socialapp_id_seq', 1, false);


--
-- Name: socialaccount_socialtoken_id_seq; Type: SEQUENCE SET; Schema: public; Owner: postgres
--

SELECT pg_catalog.setval('public.socialaccount_socialtoken_id_seq', 1, false);


--
-- Name: AutomationApp_acceptorder AutomationApp_acceptorder_pkey; Type: CONSTRAINT; Schema: public; Owner: postgres
--

ALTER TABLE ONLY public."AutomationApp_acceptorder"
    ADD CONSTRAINT "AutomationApp_acceptorder_pkey" PRIMARY KEY (id);


--
-- Name: AutomationApp_acknowledgedstockorder AutomationApp_acknowledgedstockorder_pkey; Type: CONSTRAINT; Schema: public; Owner: postgres
--

ALTER TABLE ONLY public."AutomationApp_acknowledgedstockorder"
    ADD CONSTRAINT "AutomationApp_acknowledgedstockorder_pkey" PRIMARY KEY (id);


--
-- Name: AutomationApp_categories AutomationApp_categories_pkey; Type: CONSTRAINT; Schema: public; Owner: postgres
--

ALTER TABLE ONLY public."AutomationApp_categories"
    ADD CONSTRAINT "AutomationApp_categories_pkey" PRIMARY KEY (id);


--
-- Name: AutomationApp_categoriescoupon AutomationApp_categoriescoupon_pkey; Type: CONSTRAINT; Schema: public; Owner: postgres
--

ALTER TABLE ONLY public."AutomationApp_categoriescoupon"
    ADD CONSTRAINT "AutomationApp_categoriescoupon_pkey" PRIMARY KEY (id);


--
-- Name: AutomationApp_couponlist AutomationApp_couponlist_pkey; Type: CONSTRAINT; Schema: public; Owner: postgres
--

ALTER TABLE ONLY public."AutomationApp_couponlist"
    ADD CONSTRAINT "AutomationApp_couponlist_pkey" PRIMARY KEY (id);


--
-- Name: AutomationApp_customer AutomationApp_customer_pkey; Type: CONSTRAINT; Schema: public; Owner: postgres
--

ALTER TABLE ONLY public."AutomationApp_customer"
    ADD CONSTRAINT "AutomationApp_customer_pkey" PRIMARY KEY (id);


--
-- Name: AutomationApp_dailysales AutomationApp_dailysales_pkey; Type: CONSTRAINT; Schema: public; Owner: postgres
--

ALTER TABLE ONLY public."AutomationApp_dailysales"
    ADD CONSTRAINT "AutomationApp_dailysales_pkey" PRIMARY KEY (id);


--
-- Name: AutomationApp_psizes AutomationApp_psizes_pkey; Type: CONSTRAINT; Schema: public; Owner: postgres
--

ALTER TABLE ONLY public."AutomationApp_psizes"
    ADD CONSTRAINT "AutomationApp_psizes_pkey" PRIMARY KEY (id);


--
-- Name: AutomationApp_punchedprod AutomationApp_punchedprod_pkey; Type: CONSTRAINT; Schema: public; Owner: postgres
--

ALTER TABLE ONLY public."AutomationApp_punchedprod"
    ADD CONSTRAINT "AutomationApp_punchedprod_pkey" PRIMARY KEY (id);


--
-- Name: AutomationApp_punchedprodso AutomationApp_punchedprodso_pkey; Type: CONSTRAINT; Schema: public; Owner: postgres
--

ALTER TABLE ONLY public."AutomationApp_punchedprodso"
    ADD CONSTRAINT "AutomationApp_punchedprodso_pkey" PRIMARY KEY (id);


--
-- Name: AutomationApp_queue1 AutomationApp_queue1_pkey; Type: CONSTRAINT; Schema: public; Owner: postgres
--

ALTER TABLE ONLY public."AutomationApp_queue1"
    ADD CONSTRAINT "AutomationApp_queue1_pkey" PRIMARY KEY (id);


--
-- Name: AutomationApp_queue2 AutomationApp_queue2_pkey; Type: CONSTRAINT; Schema: public; Owner: postgres
--

ALTER TABLE ONLY public."AutomationApp_queue2"
    ADD CONSTRAINT "AutomationApp_queue2_pkey" PRIMARY KEY (id);


--
-- Name: AutomationApp_queue3 AutomationApp_queue3_pkey; Type: CONSTRAINT; Schema: public; Owner: postgres
--

ALTER TABLE ONLY public."AutomationApp_queue3"
    ADD CONSTRAINT "AutomationApp_queue3_pkey" PRIMARY KEY (id);


--
-- Name: AutomationApp_rejectorder AutomationApp_rejectorder_pkey; Type: CONSTRAINT; Schema: public; Owner: postgres
--

ALTER TABLE ONLY public."AutomationApp_rejectorder"
    ADD CONSTRAINT "AutomationApp_rejectorder_pkey" PRIMARY KEY (id);


--
-- Name: AutomationApp_saecat AutomationApp_saecat_pkey; Type: CONSTRAINT; Schema: public; Owner: postgres
--

ALTER TABLE ONLY public."AutomationApp_saecat"
    ADD CONSTRAINT "AutomationApp_saecat_pkey" PRIMARY KEY (id);


--
-- Name: AutomationApp_saesubcate AutomationApp_saesubcate_pkey; Type: CONSTRAINT; Schema: public; Owner: postgres
--

ALTER TABLE ONLY public."AutomationApp_saesubcate"
    ADD CONSTRAINT "AutomationApp_saesubcate_pkey" PRIMARY KEY (id);


--
-- Name: AutomationApp_saesubcats AutomationApp_saesubcats_pkey; Type: CONSTRAINT; Schema: public; Owner: postgres
--

ALTER TABLE ONLY public."AutomationApp_saesubcats"
    ADD CONSTRAINT "AutomationApp_saesubcats_pkey" PRIMARY KEY (id);


--
-- Name: AutomationApp_sales AutomationApp_sales_pkey; Type: CONSTRAINT; Schema: public; Owner: postgres
--

ALTER TABLE ONLY public."AutomationApp_sales"
    ADD CONSTRAINT "AutomationApp_sales_pkey" PRIMARY KEY (id);


--
-- Name: AutomationApp_sizes AutomationApp_sizes_pkey; Type: CONSTRAINT; Schema: public; Owner: postgres
--

ALTER TABLE ONLY public."AutomationApp_sizes"
    ADD CONSTRAINT "AutomationApp_sizes_pkey" PRIMARY KEY (id);


--
-- Name: AutomationApp_subcategories AutomationApp_subcategories_pkey; Type: CONSTRAINT; Schema: public; Owner: postgres
--

ALTER TABLE ONLY public."AutomationApp_subcategories"
    ADD CONSTRAINT "AutomationApp_subcategories_pkey" PRIMARY KEY (id);


--
-- Name: AutomationApp_submitstockorder AutomationApp_submitstockorder_pkey; Type: CONSTRAINT; Schema: public; Owner: postgres
--

ALTER TABLE ONLY public."AutomationApp_submitstockorder"
    ADD CONSTRAINT "AutomationApp_submitstockorder_pkey" PRIMARY KEY (id);


--
-- Name: AutomationApp_timesheet AutomationApp_timesheet_pkey; Type: CONSTRAINT; Schema: public; Owner: postgres
--

ALTER TABLE ONLY public."AutomationApp_timesheet"
    ADD CONSTRAINT "AutomationApp_timesheet_pkey" PRIMARY KEY (id);


--
-- Name: AutomationApp_user1 AutomationApp_user1_pkey; Type: CONSTRAINT; Schema: public; Owner: postgres
--

ALTER TABLE ONLY public."AutomationApp_user1"
    ADD CONSTRAINT "AutomationApp_user1_pkey" PRIMARY KEY (id);


--
-- Name: account_emailaddress account_emailaddress_email_key; Type: CONSTRAINT; Schema: public; Owner: postgres
--

ALTER TABLE ONLY public.account_emailaddress
    ADD CONSTRAINT account_emailaddress_email_key UNIQUE (email);


--
-- Name: account_emailaddress account_emailaddress_pkey; Type: CONSTRAINT; Schema: public; Owner: postgres
--

ALTER TABLE ONLY public.account_emailaddress
    ADD CONSTRAINT account_emailaddress_pkey PRIMARY KEY (id);


--
-- Name: account_emailconfirmation account_emailconfirmation_key_key; Type: CONSTRAINT; Schema: public; Owner: postgres
--

ALTER TABLE ONLY public.account_emailconfirmation
    ADD CONSTRAINT account_emailconfirmation_key_key UNIQUE (key);


--
-- Name: account_emailconfirmation account_emailconfirmation_pkey; Type: CONSTRAINT; Schema: public; Owner: postgres
--

ALTER TABLE ONLY public.account_emailconfirmation
    ADD CONSTRAINT account_emailconfirmation_pkey PRIMARY KEY (id);


--
-- Name: auth_group auth_group_name_key; Type: CONSTRAINT; Schema: public; Owner: postgres
--

ALTER TABLE ONLY public.auth_group
    ADD CONSTRAINT auth_group_name_key UNIQUE (name);


--
-- Name: auth_group_permissions auth_group_permissions_group_id_permission_id_0cd325b0_uniq; Type: CONSTRAINT; Schema: public; Owner: postgres
--

ALTER TABLE ONLY public.auth_group_permissions
    ADD CONSTRAINT auth_group_permissions_group_id_permission_id_0cd325b0_uniq UNIQUE (group_id, permission_id);


--
-- Name: auth_group_permissions auth_group_permissions_pkey; Type: CONSTRAINT; Schema: public; Owner: postgres
--

ALTER TABLE ONLY public.auth_group_permissions
    ADD CONSTRAINT auth_group_permissions_pkey PRIMARY KEY (id);


--
-- Name: auth_group auth_group_pkey; Type: CONSTRAINT; Schema: public; Owner: postgres
--

ALTER TABLE ONLY public.auth_group
    ADD CONSTRAINT auth_group_pkey PRIMARY KEY (id);


--
-- Name: auth_permission auth_permission_content_type_id_codename_01ab375a_uniq; Type: CONSTRAINT; Schema: public; Owner: postgres
--

ALTER TABLE ONLY public.auth_permission
    ADD CONSTRAINT auth_permission_content_type_id_codename_01ab375a_uniq UNIQUE (content_type_id, codename);


--
-- Name: auth_permission auth_permission_pkey; Type: CONSTRAINT; Schema: public; Owner: postgres
--

ALTER TABLE ONLY public.auth_permission
    ADD CONSTRAINT auth_permission_pkey PRIMARY KEY (id);


--
-- Name: auth_user_groups auth_user_groups_pkey; Type: CONSTRAINT; Schema: public; Owner: postgres
--

ALTER TABLE ONLY public.auth_user_groups
    ADD CONSTRAINT auth_user_groups_pkey PRIMARY KEY (id);


--
-- Name: auth_user_groups auth_user_groups_user_id_group_id_94350c0c_uniq; Type: CONSTRAINT; Schema: public; Owner: postgres
--

ALTER TABLE ONLY public.auth_user_groups
    ADD CONSTRAINT auth_user_groups_user_id_group_id_94350c0c_uniq UNIQUE (user_id, group_id);


--
-- Name: auth_user auth_user_pkey; Type: CONSTRAINT; Schema: public; Owner: postgres
--

ALTER TABLE ONLY public.auth_user
    ADD CONSTRAINT auth_user_pkey PRIMARY KEY (id);


--
-- Name: auth_user_user_permissions auth_user_user_permissions_pkey; Type: CONSTRAINT; Schema: public; Owner: postgres
--

ALTER TABLE ONLY public.auth_user_user_permissions
    ADD CONSTRAINT auth_user_user_permissions_pkey PRIMARY KEY (id);


--
-- Name: auth_user_user_permissions auth_user_user_permissions_user_id_permission_id_14a6b632_uniq; Type: CONSTRAINT; Schema: public; Owner: postgres
--

ALTER TABLE ONLY public.auth_user_user_permissions
    ADD CONSTRAINT auth_user_user_permissions_user_id_permission_id_14a6b632_uniq UNIQUE (user_id, permission_id);


--
-- Name: auth_user auth_user_username_key; Type: CONSTRAINT; Schema: public; Owner: postgres
--

ALTER TABLE ONLY public.auth_user
    ADD CONSTRAINT auth_user_username_key UNIQUE (username);


--
-- Name: django_admin_log django_admin_log_pkey; Type: CONSTRAINT; Schema: public; Owner: postgres
--

ALTER TABLE ONLY public.django_admin_log
    ADD CONSTRAINT django_admin_log_pkey PRIMARY KEY (id);


--
-- Name: django_content_type django_content_type_app_label_model_76bd3d3b_uniq; Type: CONSTRAINT; Schema: public; Owner: postgres
--

ALTER TABLE ONLY public.django_content_type
    ADD CONSTRAINT django_content_type_app_label_model_76bd3d3b_uniq UNIQUE (app_label, model);


--
-- Name: django_content_type django_content_type_pkey; Type: CONSTRAINT; Schema: public; Owner: postgres
--

ALTER TABLE ONLY public.django_content_type
    ADD CONSTRAINT django_content_type_pkey PRIMARY KEY (id);


--
-- Name: django_migrations django_migrations_pkey; Type: CONSTRAINT; Schema: public; Owner: postgres
--

ALTER TABLE ONLY public.django_migrations
    ADD CONSTRAINT django_migrations_pkey PRIMARY KEY (id);


--
-- Name: django_session django_session_pkey; Type: CONSTRAINT; Schema: public; Owner: postgres
--

ALTER TABLE ONLY public.django_session
    ADD CONSTRAINT django_session_pkey PRIMARY KEY (session_key);


--
-- Name: django_site django_site_domain_a2e37b91_uniq; Type: CONSTRAINT; Schema: public; Owner: postgres
--

ALTER TABLE ONLY public.django_site
    ADD CONSTRAINT django_site_domain_a2e37b91_uniq UNIQUE (domain);


--
-- Name: django_site django_site_pkey; Type: CONSTRAINT; Schema: public; Owner: postgres
--

ALTER TABLE ONLY public.django_site
    ADD CONSTRAINT django_site_pkey PRIMARY KEY (id);


--
-- Name: socialaccount_socialaccount socialaccount_socialaccount_pkey; Type: CONSTRAINT; Schema: public; Owner: postgres
--

ALTER TABLE ONLY public.socialaccount_socialaccount
    ADD CONSTRAINT socialaccount_socialaccount_pkey PRIMARY KEY (id);


--
-- Name: socialaccount_socialaccount socialaccount_socialaccount_provider_uid_fc810c6e_uniq; Type: CONSTRAINT; Schema: public; Owner: postgres
--

ALTER TABLE ONLY public.socialaccount_socialaccount
    ADD CONSTRAINT socialaccount_socialaccount_provider_uid_fc810c6e_uniq UNIQUE (provider, uid);


--
-- Name: socialaccount_socialapp socialaccount_socialapp_pkey; Type: CONSTRAINT; Schema: public; Owner: postgres
--

ALTER TABLE ONLY public.socialaccount_socialapp
    ADD CONSTRAINT socialaccount_socialapp_pkey PRIMARY KEY (id);


--
-- Name: socialaccount_socialtoken socialaccount_socialtoken_app_id_account_id_fca4e0ac_uniq; Type: CONSTRAINT; Schema: public; Owner: postgres
--

ALTER TABLE ONLY public.socialaccount_socialtoken
    ADD CONSTRAINT socialaccount_socialtoken_app_id_account_id_fca4e0ac_uniq UNIQUE (app_id, account_id);


--
-- Name: socialaccount_socialtoken socialaccount_socialtoken_pkey; Type: CONSTRAINT; Schema: public; Owner: postgres
--

ALTER TABLE ONLY public.socialaccount_socialtoken
    ADD CONSTRAINT socialaccount_socialtoken_pkey PRIMARY KEY (id);


--
-- Name: AutomationApp_couponlist_category_id_15d228c2; Type: INDEX; Schema: public; Owner: postgres
--

CREATE INDEX "AutomationApp_couponlist_category_id_15d228c2" ON public."AutomationApp_couponlist" USING btree (category_id);


--
-- Name: AutomationApp_couponlist_user_id_5d01d96b; Type: INDEX; Schema: public; Owner: postgres
--

CREATE INDEX "AutomationApp_couponlist_user_id_5d01d96b" ON public."AutomationApp_couponlist" USING btree (user_id);


--
-- Name: AutomationApp_sales_Categoryaes_id_7499a284; Type: INDEX; Schema: public; Owner: postgres
--

CREATE INDEX "AutomationApp_sales_Categoryaes_id_7499a284" ON public."AutomationApp_sales" USING btree ("Categoryaes_id");


--
-- Name: AutomationApp_sales_Subcategorye_id_de88326c; Type: INDEX; Schema: public; Owner: postgres
--

CREATE INDEX "AutomationApp_sales_Subcategorye_id_de88326c" ON public."AutomationApp_sales" USING btree ("Subcategorye_id");


--
-- Name: AutomationApp_sales_Subcategorys_id_dca013d1; Type: INDEX; Schema: public; Owner: postgres
--

CREATE INDEX "AutomationApp_sales_Subcategorys_id_dca013d1" ON public."AutomationApp_sales" USING btree ("Subcategorys_id");


--
-- Name: AutomationApp_user1_Category_id_c2f1bf5a; Type: INDEX; Schema: public; Owner: postgres
--

CREATE INDEX "AutomationApp_user1_Category_id_c2f1bf5a" ON public."AutomationApp_user1" USING btree ("Category_id");


--
-- Name: AutomationApp_user1_PSize_id_84236761; Type: INDEX; Schema: public; Owner: postgres
--

CREATE INDEX "AutomationApp_user1_PSize_id_84236761" ON public."AutomationApp_user1" USING btree ("PSize_id");


--
-- Name: AutomationApp_user1_Size_id_ba74dd7c; Type: INDEX; Schema: public; Owner: postgres
--

CREATE INDEX "AutomationApp_user1_Size_id_ba74dd7c" ON public."AutomationApp_user1" USING btree ("Size_id");


--
-- Name: AutomationApp_user1_Subcategory_id_d291f94d; Type: INDEX; Schema: public; Owner: postgres
--

CREATE INDEX "AutomationApp_user1_Subcategory_id_d291f94d" ON public."AutomationApp_user1" USING btree ("Subcategory_id");


--
-- Name: AutomationApp_user1_user_id_5476a49e; Type: INDEX; Schema: public; Owner: postgres
--

CREATE INDEX "AutomationApp_user1_user_id_5476a49e" ON public."AutomationApp_user1" USING btree (user_id);


--
-- Name: account_emailaddress_email_03be32b2_like; Type: INDEX; Schema: public; Owner: postgres
--

CREATE INDEX account_emailaddress_email_03be32b2_like ON public.account_emailaddress USING btree (email varchar_pattern_ops);


--
-- Name: account_emailaddress_user_id_2c513194; Type: INDEX; Schema: public; Owner: postgres
--

CREATE INDEX account_emailaddress_user_id_2c513194 ON public.account_emailaddress USING btree (user_id);


--
-- Name: account_emailconfirmation_email_address_id_5b7f8c58; Type: INDEX; Schema: public; Owner: postgres
--

CREATE INDEX account_emailconfirmation_email_address_id_5b7f8c58 ON public.account_emailconfirmation USING btree (email_address_id);


--
-- Name: account_emailconfirmation_key_f43612bd_like; Type: INDEX; Schema: public; Owner: postgres
--

CREATE INDEX account_emailconfirmation_key_f43612bd_like ON public.account_emailconfirmation USING btree (key varchar_pattern_ops);


--
-- Name: auth_group_name_a6ea08ec_like; Type: INDEX; Schema: public; Owner: postgres
--

CREATE INDEX auth_group_name_a6ea08ec_like ON public.auth_group USING btree (name varchar_pattern_ops);


--
-- Name: auth_group_permissions_group_id_b120cbf9; Type: INDEX; Schema: public; Owner: postgres
--

CREATE INDEX auth_group_permissions_group_id_b120cbf9 ON public.auth_group_permissions USING btree (group_id);


--
-- Name: auth_group_permissions_permission_id_84c5c92e; Type: INDEX; Schema: public; Owner: postgres
--

CREATE INDEX auth_group_permissions_permission_id_84c5c92e ON public.auth_group_permissions USING btree (permission_id);


--
-- Name: auth_permission_content_type_id_2f476e4b; Type: INDEX; Schema: public; Owner: postgres
--

CREATE INDEX auth_permission_content_type_id_2f476e4b ON public.auth_permission USING btree (content_type_id);


--
-- Name: auth_user_groups_group_id_97559544; Type: INDEX; Schema: public; Owner: postgres
--

CREATE INDEX auth_user_groups_group_id_97559544 ON public.auth_user_groups USING btree (group_id);


--
-- Name: auth_user_groups_user_id_6a12ed8b; Type: INDEX; Schema: public; Owner: postgres
--

CREATE INDEX auth_user_groups_user_id_6a12ed8b ON public.auth_user_groups USING btree (user_id);


--
-- Name: auth_user_user_permissions_permission_id_1fbb5f2c; Type: INDEX; Schema: public; Owner: postgres
--

CREATE INDEX auth_user_user_permissions_permission_id_1fbb5f2c ON public.auth_user_user_permissions USING btree (permission_id);


--
-- Name: auth_user_user_permissions_user_id_a95ead1b; Type: INDEX; Schema: public; Owner: postgres
--

CREATE INDEX auth_user_user_permissions_user_id_a95ead1b ON public.auth_user_user_permissions USING btree (user_id);


--
-- Name: auth_user_username_6821ab7c_like; Type: INDEX; Schema: public; Owner: postgres
--

CREATE INDEX auth_user_username_6821ab7c_like ON public.auth_user USING btree (username varchar_pattern_ops);


--
-- Name: django_admin_log_content_type_id_c4bce8eb; Type: INDEX; Schema: public; Owner: postgres
--

CREATE INDEX django_admin_log_content_type_id_c4bce8eb ON public.django_admin_log USING btree (content_type_id);


--
-- Name: django_admin_log_user_id_c564eba6; Type: INDEX; Schema: public; Owner: postgres
--

CREATE INDEX django_admin_log_user_id_c564eba6 ON public.django_admin_log USING btree (user_id);


--
-- Name: django_session_expire_date_a5c62663; Type: INDEX; Schema: public; Owner: postgres
--

CREATE INDEX django_session_expire_date_a5c62663 ON public.django_session USING btree (expire_date);


--
-- Name: django_session_session_key_c0390e0f_like; Type: INDEX; Schema: public; Owner: postgres
--

CREATE INDEX django_session_session_key_c0390e0f_like ON public.django_session USING btree (session_key varchar_pattern_ops);


--
-- Name: django_site_domain_a2e37b91_like; Type: INDEX; Schema: public; Owner: postgres
--

CREATE INDEX django_site_domain_a2e37b91_like ON public.django_site USING btree (domain varchar_pattern_ops);


--
-- Name: socialaccount_socialaccount_user_id_8146e70c; Type: INDEX; Schema: public; Owner: postgres
--

CREATE INDEX socialaccount_socialaccount_user_id_8146e70c ON public.socialaccount_socialaccount USING btree (user_id);


--
-- Name: socialaccount_socialtoken_account_id_951f210e; Type: INDEX; Schema: public; Owner: postgres
--

CREATE INDEX socialaccount_socialtoken_account_id_951f210e ON public.socialaccount_socialtoken USING btree (account_id);


--
-- Name: socialaccount_socialtoken_app_id_636a42d7; Type: INDEX; Schema: public; Owner: postgres
--

CREATE INDEX socialaccount_socialtoken_app_id_636a42d7 ON public.socialaccount_socialtoken USING btree (app_id);


--
-- Name: AutomationApp_couponlist AutomationApp_coupon_category_id_15d228c2_fk_Automatio; Type: FK CONSTRAINT; Schema: public; Owner: postgres
--

ALTER TABLE ONLY public."AutomationApp_couponlist"
    ADD CONSTRAINT "AutomationApp_coupon_category_id_15d228c2_fk_Automatio" FOREIGN KEY (category_id) REFERENCES public."AutomationApp_categoriescoupon"(id) DEFERRABLE INITIALLY DEFERRED;


--
-- Name: AutomationApp_couponlist AutomationApp_couponlist_user_id_5d01d96b_fk_auth_user_id; Type: FK CONSTRAINT; Schema: public; Owner: postgres
--

ALTER TABLE ONLY public."AutomationApp_couponlist"
    ADD CONSTRAINT "AutomationApp_couponlist_user_id_5d01d96b_fk_auth_user_id" FOREIGN KEY (user_id) REFERENCES public.auth_user(id) DEFERRABLE INITIALLY DEFERRED;


--
-- Name: AutomationApp_sales AutomationApp_sales_Categoryaes_id_7499a284_fk_Automatio; Type: FK CONSTRAINT; Schema: public; Owner: postgres
--

ALTER TABLE ONLY public."AutomationApp_sales"
    ADD CONSTRAINT "AutomationApp_sales_Categoryaes_id_7499a284_fk_Automatio" FOREIGN KEY ("Categoryaes_id") REFERENCES public."AutomationApp_saecat"(id) DEFERRABLE INITIALLY DEFERRED;


--
-- Name: AutomationApp_sales AutomationApp_sales_Subcategorye_id_de88326c_fk_Automatio; Type: FK CONSTRAINT; Schema: public; Owner: postgres
--

ALTER TABLE ONLY public."AutomationApp_sales"
    ADD CONSTRAINT "AutomationApp_sales_Subcategorye_id_de88326c_fk_Automatio" FOREIGN KEY ("Subcategorye_id") REFERENCES public."AutomationApp_saesubcate"(id) DEFERRABLE INITIALLY DEFERRED;


--
-- Name: AutomationApp_sales AutomationApp_sales_Subcategorys_id_dca013d1_fk_Automatio; Type: FK CONSTRAINT; Schema: public; Owner: postgres
--

ALTER TABLE ONLY public."AutomationApp_sales"
    ADD CONSTRAINT "AutomationApp_sales_Subcategorys_id_dca013d1_fk_Automatio" FOREIGN KEY ("Subcategorys_id") REFERENCES public."AutomationApp_saesubcats"(id) DEFERRABLE INITIALLY DEFERRED;


--
-- Name: AutomationApp_user1 AutomationApp_user1_Category_id_c2f1bf5a_fk_Automatio; Type: FK CONSTRAINT; Schema: public; Owner: postgres
--

ALTER TABLE ONLY public."AutomationApp_user1"
    ADD CONSTRAINT "AutomationApp_user1_Category_id_c2f1bf5a_fk_Automatio" FOREIGN KEY ("Category_id") REFERENCES public."AutomationApp_categories"(id) DEFERRABLE INITIALLY DEFERRED;


--
-- Name: AutomationApp_user1 AutomationApp_user1_PSize_id_84236761_fk_Automatio; Type: FK CONSTRAINT; Schema: public; Owner: postgres
--

ALTER TABLE ONLY public."AutomationApp_user1"
    ADD CONSTRAINT "AutomationApp_user1_PSize_id_84236761_fk_Automatio" FOREIGN KEY ("PSize_id") REFERENCES public."AutomationApp_psizes"(id) DEFERRABLE INITIALLY DEFERRED;


--
-- Name: AutomationApp_user1 AutomationApp_user1_Size_id_ba74dd7c_fk_AutomationApp_sizes_id; Type: FK CONSTRAINT; Schema: public; Owner: postgres
--

ALTER TABLE ONLY public."AutomationApp_user1"
    ADD CONSTRAINT "AutomationApp_user1_Size_id_ba74dd7c_fk_AutomationApp_sizes_id" FOREIGN KEY ("Size_id") REFERENCES public."AutomationApp_sizes"(id) DEFERRABLE INITIALLY DEFERRED;


--
-- Name: AutomationApp_user1 AutomationApp_user1_Subcategory_id_d291f94d_fk_Automatio; Type: FK CONSTRAINT; Schema: public; Owner: postgres
--

ALTER TABLE ONLY public."AutomationApp_user1"
    ADD CONSTRAINT "AutomationApp_user1_Subcategory_id_d291f94d_fk_Automatio" FOREIGN KEY ("Subcategory_id") REFERENCES public."AutomationApp_subcategories"(id) DEFERRABLE INITIALLY DEFERRED;


--
-- Name: AutomationApp_user1 AutomationApp_user1_user_id_5476a49e_fk_auth_user_id; Type: FK CONSTRAINT; Schema: public; Owner: postgres
--

ALTER TABLE ONLY public."AutomationApp_user1"
    ADD CONSTRAINT "AutomationApp_user1_user_id_5476a49e_fk_auth_user_id" FOREIGN KEY (user_id) REFERENCES public.auth_user(id) DEFERRABLE INITIALLY DEFERRED;


--
-- Name: account_emailaddress account_emailaddress_user_id_2c513194_fk_auth_user_id; Type: FK CONSTRAINT; Schema: public; Owner: postgres
--

ALTER TABLE ONLY public.account_emailaddress
    ADD CONSTRAINT account_emailaddress_user_id_2c513194_fk_auth_user_id FOREIGN KEY (user_id) REFERENCES public.auth_user(id) DEFERRABLE INITIALLY DEFERRED;


--
-- Name: account_emailconfirmation account_emailconfirm_email_address_id_5b7f8c58_fk_account_e; Type: FK CONSTRAINT; Schema: public; Owner: postgres
--

ALTER TABLE ONLY public.account_emailconfirmation
    ADD CONSTRAINT account_emailconfirm_email_address_id_5b7f8c58_fk_account_e FOREIGN KEY (email_address_id) REFERENCES public.account_emailaddress(id) DEFERRABLE INITIALLY DEFERRED;


--
-- Name: auth_group_permissions auth_group_permissio_permission_id_84c5c92e_fk_auth_perm; Type: FK CONSTRAINT; Schema: public; Owner: postgres
--

ALTER TABLE ONLY public.auth_group_permissions
    ADD CONSTRAINT auth_group_permissio_permission_id_84c5c92e_fk_auth_perm FOREIGN KEY (permission_id) REFERENCES public.auth_permission(id) DEFERRABLE INITIALLY DEFERRED;


--
-- Name: auth_group_permissions auth_group_permissions_group_id_b120cbf9_fk_auth_group_id; Type: FK CONSTRAINT; Schema: public; Owner: postgres
--

ALTER TABLE ONLY public.auth_group_permissions
    ADD CONSTRAINT auth_group_permissions_group_id_b120cbf9_fk_auth_group_id FOREIGN KEY (group_id) REFERENCES public.auth_group(id) DEFERRABLE INITIALLY DEFERRED;


--
-- Name: auth_permission auth_permission_content_type_id_2f476e4b_fk_django_co; Type: FK CONSTRAINT; Schema: public; Owner: postgres
--

ALTER TABLE ONLY public.auth_permission
    ADD CONSTRAINT auth_permission_content_type_id_2f476e4b_fk_django_co FOREIGN KEY (content_type_id) REFERENCES public.django_content_type(id) DEFERRABLE INITIALLY DEFERRED;


--
-- Name: auth_user_groups auth_user_groups_group_id_97559544_fk_auth_group_id; Type: FK CONSTRAINT; Schema: public; Owner: postgres
--

ALTER TABLE ONLY public.auth_user_groups
    ADD CONSTRAINT auth_user_groups_group_id_97559544_fk_auth_group_id FOREIGN KEY (group_id) REFERENCES public.auth_group(id) DEFERRABLE INITIALLY DEFERRED;


--
-- Name: auth_user_groups auth_user_groups_user_id_6a12ed8b_fk_auth_user_id; Type: FK CONSTRAINT; Schema: public; Owner: postgres
--

ALTER TABLE ONLY public.auth_user_groups
    ADD CONSTRAINT auth_user_groups_user_id_6a12ed8b_fk_auth_user_id FOREIGN KEY (user_id) REFERENCES public.auth_user(id) DEFERRABLE INITIALLY DEFERRED;


--
-- Name: auth_user_user_permissions auth_user_user_permi_permission_id_1fbb5f2c_fk_auth_perm; Type: FK CONSTRAINT; Schema: public; Owner: postgres
--

ALTER TABLE ONLY public.auth_user_user_permissions
    ADD CONSTRAINT auth_user_user_permi_permission_id_1fbb5f2c_fk_auth_perm FOREIGN KEY (permission_id) REFERENCES public.auth_permission(id) DEFERRABLE INITIALLY DEFERRED;


--
-- Name: auth_user_user_permissions auth_user_user_permissions_user_id_a95ead1b_fk_auth_user_id; Type: FK CONSTRAINT; Schema: public; Owner: postgres
--

ALTER TABLE ONLY public.auth_user_user_permissions
    ADD CONSTRAINT auth_user_user_permissions_user_id_a95ead1b_fk_auth_user_id FOREIGN KEY (user_id) REFERENCES public.auth_user(id) DEFERRABLE INITIALLY DEFERRED;


--
-- Name: django_admin_log django_admin_log_content_type_id_c4bce8eb_fk_django_co; Type: FK CONSTRAINT; Schema: public; Owner: postgres
--

ALTER TABLE ONLY public.django_admin_log
    ADD CONSTRAINT django_admin_log_content_type_id_c4bce8eb_fk_django_co FOREIGN KEY (content_type_id) REFERENCES public.django_content_type(id) DEFERRABLE INITIALLY DEFERRED;


--
-- Name: django_admin_log django_admin_log_user_id_c564eba6_fk_auth_user_id; Type: FK CONSTRAINT; Schema: public; Owner: postgres
--

ALTER TABLE ONLY public.django_admin_log
    ADD CONSTRAINT django_admin_log_user_id_c564eba6_fk_auth_user_id FOREIGN KEY (user_id) REFERENCES public.auth_user(id) DEFERRABLE INITIALLY DEFERRED;


--
-- Name: socialaccount_socialtoken socialaccount_social_account_id_951f210e_fk_socialacc; Type: FK CONSTRAINT; Schema: public; Owner: postgres
--

ALTER TABLE ONLY public.socialaccount_socialtoken
    ADD CONSTRAINT socialaccount_social_account_id_951f210e_fk_socialacc FOREIGN KEY (account_id) REFERENCES public.socialaccount_socialaccount(id) DEFERRABLE INITIALLY DEFERRED;


--
-- Name: socialaccount_socialtoken socialaccount_social_app_id_636a42d7_fk_socialacc; Type: FK CONSTRAINT; Schema: public; Owner: postgres
--

ALTER TABLE ONLY public.socialaccount_socialtoken
    ADD CONSTRAINT socialaccount_social_app_id_636a42d7_fk_socialacc FOREIGN KEY (app_id) REFERENCES public.socialaccount_socialapp(id) DEFERRABLE INITIALLY DEFERRED;


--
-- Name: socialaccount_socialaccount socialaccount_socialaccount_user_id_8146e70c_fk_auth_user_id; Type: FK CONSTRAINT; Schema: public; Owner: postgres
--

ALTER TABLE ONLY public.socialaccount_socialaccount
    ADD CONSTRAINT socialaccount_socialaccount_user_id_8146e70c_fk_auth_user_id FOREIGN KEY (user_id) REFERENCES public.auth_user(id) DEFERRABLE INITIALLY DEFERRED;


--
-- PostgreSQL database dump complete
--

